"","ID","Name","Year","Parts","Sets","link"
"1","1","White","1949 - 2025","16377","12114","https://www.bricklink.com/catalogList.asp?v=2&colorID=1"
"2","49","Very Light Gray","1997 - 2004","21","24","https://www.bricklink.com/catalogList.asp?v=2&colorID=49"
"3","99","Very Light Bluish Gray","2004 - 2013","54","51","https://www.bricklink.com/catalogList.asp?v=2&colorID=99"
"4","86","Light Bluish Gray","2003 - 2025","5187","8356","https://www.bricklink.com/catalogList.asp?v=2&colorID=86"
"5","9","Light Gray","1954 - 2008","1865","3205","https://www.bricklink.com/catalogList.asp?v=2&colorID=9"
"6","10","Dark Gray","1961 - 2006","1048","1705","https://www.bricklink.com/catalogList.asp?v=2&colorID=10"
"7","85","Dark Bluish Gray","2003 - 2025","4434","7674","https://www.bricklink.com/catalogList.asp?v=2&colorID=85"
"8","11","Black","1957 - 2025","13552","13934","https://www.bricklink.com/catalogList.asp?v=2&colorID=11"
"9","59","Dark Red","1957 - 2025","2009","2258","https://www.bricklink.com/catalogList.asp?v=2&colorID=59"
"10","5","Red","1949 - 2025","8704","11711","https://www.bricklink.com/catalogList.asp?v=2&colorID=5"
"11","167","Reddish Orange","2024 - 2025","166","154","https://www.bricklink.com/catalogList.asp?v=2&colorID=167"
"12","231","Dark Salmon","2003 - 2003","5","4","https://www.bricklink.com/catalogList.asp?v=2&colorID=231"
"13","25","Salmon","1997 - 1999","83","27","https://www.bricklink.com/catalogList.asp?v=2&colorID=25"
"14","220","Coral","2019 - 2025","283","511","https://www.bricklink.com/catalogList.asp?v=2&colorID=220"
"15","26","Light Salmon","1997 - 2002","51","23","https://www.bricklink.com/catalogList.asp?v=2&colorID=26"
"16","58","Sand Red","2001 - 2004","39","18","https://www.bricklink.com/catalogList.asp?v=2&colorID=58"
"17","120","Dark Brown","2007 - 2025","894","2128","https://www.bricklink.com/catalogList.asp?v=2&colorID=120"
"18","168","Umber","2024 - 2025","10","7","https://www.bricklink.com/catalogList.asp?v=2&colorID=168"
"19","8","Brown","1974 - 2006","578","1100","https://www.bricklink.com/catalogList.asp?v=2&colorID=8"
"20","88","Reddish Brown","2003 - 2025","2554","5347","https://www.bricklink.com/catalogList.asp?v=2&colorID=88"
"21","91","Light Brown","2002 - 2006","42","31","https://www.bricklink.com/catalogList.asp?v=2&colorID=91"
"22","240","Medium Brown","2022 - 2025","87","90","https://www.bricklink.com/catalogList.asp?v=2&colorID=240"
"23","106","Fabuland Brown","1979 - 1991","7","26","https://www.bricklink.com/catalogList.asp?v=2&colorID=106"
"24","69","Dark Tan","1961 - 2025","1363","3018","https://www.bricklink.com/catalogList.asp?v=2&colorID=69"
"25","2","Tan","1957 - 2025","2945","5827","https://www.bricklink.com/catalogList.asp?v=2&colorID=2"
"26","90","Light Nougat","2004 - 2025","2092","2065","https://www.bricklink.com/catalogList.asp?v=2&colorID=90"
"27","241","Medium Tan","2022 - 2025","191","119","https://www.bricklink.com/catalogList.asp?v=2&colorID=241"
"28","28","Nougat","1979 - 2025","408","458","https://www.bricklink.com/catalogList.asp?v=2&colorID=28"
"29","150","Medium Nougat","2010 - 2025","1360","2234","https://www.bricklink.com/catalogList.asp?v=2&colorID=150"
"30","225","Dark Nougat","2001 - 2004","3","10","https://www.bricklink.com/catalogList.asp?v=2&colorID=225"
"31","169","Sienna","2024 - 2025","33","18","https://www.bricklink.com/catalogList.asp?v=2&colorID=169"
"32","160","Fabuland Orange","1983 - 1987","2","3","https://www.bricklink.com/catalogList.asp?v=2&colorID=160"
"33","29","Earth Orange","1982 - 2005","44","85","https://www.bricklink.com/catalogList.asp?v=2&colorID=29"
"34","68","Dark Orange","1994 - 2025","960","2267","https://www.bricklink.com/catalogList.asp?v=2&colorID=68"
"35","27","Rust","1979 - 2005","5","16","https://www.bricklink.com/catalogList.asp?v=2&colorID=27"
"36","165","Neon Orange","?","","","https://www.bricklink.com/catalogList.asp?v=2&colorID=165"
"37","4","Orange","1998 - 2025","2403","4219","https://www.bricklink.com/catalogList.asp?v=2&colorID=4"
"38","31","Medium Orange","1950 - 2007","130","114","https://www.bricklink.com/catalogList.asp?v=2&colorID=31"
"39","32","Light Orange","1998 - 2004","17","17","https://www.bricklink.com/catalogList.asp?v=2&colorID=32"
"40","110","Bright Light Orange","2003 - 2025","1539","2303","https://www.bricklink.com/catalogList.asp?v=2&colorID=110"
"41","172","Warm Yellowish Orange","2004 - 2004","1","1","https://www.bricklink.com/catalogList.asp?v=2&colorID=172"
"42","96","Very Light Orange","2000 - 2000","1","2","https://www.bricklink.com/catalogList.asp?v=2&colorID=96"
"43","161","Dark Yellow","2004 - 2005","5","5","https://www.bricklink.com/catalogList.asp?v=2&colorID=161"
"44","173","Ochre Yellow","?","","","https://www.bricklink.com/catalogList.asp?v=2&colorID=173"
"45","3","Yellow","1949 - 2025","7200","11393","https://www.bricklink.com/catalogList.asp?v=2&colorID=3"
"46","33","Light Yellow","1994 - 2005","103","71","https://www.bricklink.com/catalogList.asp?v=2&colorID=33"
"47","103","Bright Light Yellow","2004 - 2025","663","1233","https://www.bricklink.com/catalogList.asp?v=2&colorID=103"
"48","236","Neon Yellow","2022 - 2025","165","138","https://www.bricklink.com/catalogList.asp?v=2&colorID=236"
"49","171","Lemon","1992 - 1992","3","1","https://www.bricklink.com/catalogList.asp?v=2&colorID=171"
"50","166","Neon Green","?","","","https://www.bricklink.com/catalogList.asp?v=2&colorID=166"
"51","35","Light Lime","1998 - 2007","18","16","https://www.bricklink.com/catalogList.asp?v=2&colorID=35"
"52","158","Yellowish Green","2012 - 2025","273","466","https://www.bricklink.com/catalogList.asp?v=2&colorID=158"
"53","76","Medium Lime","1998 - 2005","68","43","https://www.bricklink.com/catalogList.asp?v=2&colorID=76"
"54","34","Lime","1998 - 2025","1970","3273","https://www.bricklink.com/catalogList.asp?v=2&colorID=34"
"55","248","Fabuland Lime","1982 - 1986","9","5","https://www.bricklink.com/catalogList.asp?v=2&colorID=248"
"56","155","Olive Green","2012 - 2025","695","664","https://www.bricklink.com/catalogList.asp?v=2&colorID=155"
"57","242","Dark Olive Green","?","","","https://www.bricklink.com/catalogList.asp?v=2&colorID=242"
"58","80","Dark Green","1961 - 2025","1086","1408","https://www.bricklink.com/catalogList.asp?v=2&colorID=80"
"59","6","Green","1949 - 2025","2234","5983","https://www.bricklink.com/catalogList.asp?v=2&colorID=6"
"60","36","Bright Green","1950 - 2025","914","2596","https://www.bricklink.com/catalogList.asp?v=2&colorID=36"
"61","37","Medium Green","1950 - 2004","124","108","https://www.bricklink.com/catalogList.asp?v=2&colorID=37"
"62","38","Light Green","1992 - 2005","64","57","https://www.bricklink.com/catalogList.asp?v=2&colorID=38"
"63","48","Sand Green","1957 - 2025","788","1024","https://www.bricklink.com/catalogList.asp?v=2&colorID=48"
"64","39","Dark Turquoise","1998 - 2025","871","1202","https://www.bricklink.com/catalogList.asp?v=2&colorID=39"
"65","40","Light Turquoise","1998 - 2004","60","40","https://www.bricklink.com/catalogList.asp?v=2&colorID=40"
"66","41","Aqua","1998 - 2006","82","60","https://www.bricklink.com/catalogList.asp?v=2&colorID=41"
"67","152","Light Aqua","2011 - 2025","609","843","https://www.bricklink.com/catalogList.asp?v=2&colorID=152"
"68","63","Dark Blue","1961 - 2025","2701","2649","https://www.bricklink.com/catalogList.asp?v=2&colorID=63"
"69","7","Blue","1950 - 2025","4386","9064","https://www.bricklink.com/catalogList.asp?v=2&colorID=7"
"70","153","Dark Azure","2011 - 2025","933","1389","https://www.bricklink.com/catalogList.asp?v=2&colorID=153"
"71","247","Little Robots Blue","2003 - 2004","2","2","https://www.bricklink.com/catalogList.asp?v=2&colorID=247"
"72","72","Maersk Blue","1974 - 2011","84","14","https://www.bricklink.com/catalogList.asp?v=2&colorID=72"
"73","156","Medium Azure","2012 - 2025","1050","2024","https://www.bricklink.com/catalogList.asp?v=2&colorID=156"
"74","87","Sky Blue","2003 - 2007","37","34","https://www.bricklink.com/catalogList.asp?v=2&colorID=87"
"75","42","Medium Blue","1949 - 2025","927","1239","https://www.bricklink.com/catalogList.asp?v=2&colorID=42"
"76","105","Bright Light Blue","2004 - 2025","618","818","https://www.bricklink.com/catalogList.asp?v=2&colorID=105"
"77","62","Light Blue","1950 - 2007","19","18","https://www.bricklink.com/catalogList.asp?v=2&colorID=62"
"78","55","Sand Blue","2001 - 2025","825","898","https://www.bricklink.com/catalogList.asp?v=2&colorID=55"
"79","109","Dark Blue-Violet","2004 - 2006","8","6","https://www.bricklink.com/catalogList.asp?v=2&colorID=109"
"80","43","Violet","1992 - 2004","79","41","https://www.bricklink.com/catalogList.asp?v=2&colorID=43"
"81","97","Blue-Violet","2004 - 2005","38","19","https://www.bricklink.com/catalogList.asp?v=2&colorID=97"
"82","245","Lilac","2004 - 2007","7","7","https://www.bricklink.com/catalogList.asp?v=2&colorID=245"
"83","73","Medium Violet","1999 - 2004","17","23","https://www.bricklink.com/catalogList.asp?v=2&colorID=73"
"84","246","Light Lilac","2004 - 2004","1","1","https://www.bricklink.com/catalogList.asp?v=2&colorID=246"
"85","44","Light Violet","1994 - 2002","69","38","https://www.bricklink.com/catalogList.asp?v=2&colorID=44"
"86","89","Dark Purple","2000 - 2025","1165","1550","https://www.bricklink.com/catalogList.asp?v=2&colorID=89"
"87","24","Purple","1997 - 2006","133","125","https://www.bricklink.com/catalogList.asp?v=2&colorID=24"
"88","93","Light Purple","2003 - 2006","27","20","https://www.bricklink.com/catalogList.asp?v=2&colorID=93"
"89","157","Medium Lavender","2012 - 2025","637","954","https://www.bricklink.com/catalogList.asp?v=2&colorID=157"
"90","154","Lavender","2011 - 2025","457","703","https://www.bricklink.com/catalogList.asp?v=2&colorID=154"
"91","227","Clikits Lavender","2005 - 2005","10","12","https://www.bricklink.com/catalogList.asp?v=2&colorID=227"
"92","54","Sand Purple","2001 - 2002","20","5","https://www.bricklink.com/catalogList.asp?v=2&colorID=54"
"93","71","Magenta","2000 - 2025","705","1315","https://www.bricklink.com/catalogList.asp?v=2&colorID=71"
"94","47","Dark Pink","1994 - 2025","893","1599","https://www.bricklink.com/catalogList.asp?v=2&colorID=47"
"95","94","Medium Dark Pink","1992 - 1993","14","6","https://www.bricklink.com/catalogList.asp?v=2&colorID=94"
"96","104","Bright Pink","2003 - 2025","760","1670","https://www.bricklink.com/catalogList.asp?v=2&colorID=104"
"97","23","Pink","1992 - 2005","101","66","https://www.bricklink.com/catalogList.asp?v=2&colorID=23"
"98","56","Rose Pink","1991 - 1994","36","16","https://www.bricklink.com/catalogList.asp?v=2&colorID=56"
"99","12","Trans-Clear","1950 - 2025","1178","5869","https://www.bricklink.com/catalogList.asp?v=2&colorID=12"
"100","13","Trans-Brown","1999 - 2025","491","1856","https://www.bricklink.com/catalogList.asp?v=2&colorID=13"
"101","251","Trans-Black","2023 - 2025","61","78","https://www.bricklink.com/catalogList.asp?v=2&colorID=251"
"102","17","Trans-Red","1969 - 2025","259","4153","https://www.bricklink.com/catalogList.asp?v=2&colorID=17"
"103","18","Trans-Neon Orange","1993 - 2023","247","1039","https://www.bricklink.com/catalogList.asp?v=2&colorID=18"
"104","98","Trans-Orange","2003 - 2025","251","2512","https://www.bricklink.com/catalogList.asp?v=2&colorID=98"
"105","164","Trans-Light Orange","2003 - 2006","39","22","https://www.bricklink.com/catalogList.asp?v=2&colorID=164"
"106","121","Trans-Neon Yellow","2001 - 2006","28","36","https://www.bricklink.com/catalogList.asp?v=2&colorID=121"
"107","19","Trans-Yellow","1969 - 2025","245","2855","https://www.bricklink.com/catalogList.asp?v=2&colorID=19"
"108","16","Trans-Neon Green","1990 - 2024","230","1144","https://www.bricklink.com/catalogList.asp?v=2&colorID=16"
"109","108","Trans-Bright Green","2006 - 2025","200","657","https://www.bricklink.com/catalogList.asp?v=2&colorID=108"
"110","221","Trans-Light Green","2005 - 2006","10","5","https://www.bricklink.com/catalogList.asp?v=2&colorID=221"
"111","226","Trans-Light Bright Green","2003 - 2006","26","17","https://www.bricklink.com/catalogList.asp?v=2&colorID=226"
"112","20","Trans-Green","1969 - 2025","149","1617","https://www.bricklink.com/catalogList.asp?v=2&colorID=20"
"113","14","Trans-Dark Blue","1978 - 2025","277","1864","https://www.bricklink.com/catalogList.asp?v=2&colorID=14"
"114","74","Trans-Medium Blue","2001 - 2018","98","203","https://www.bricklink.com/catalogList.asp?v=2&colorID=74"
"115","15","Trans-Light Blue","1985 - 2025","927","3468","https://www.bricklink.com/catalogList.asp?v=2&colorID=15"
"116","113","Trans-Aqua","2003 - 2006","39","36","https://www.bricklink.com/catalogList.asp?v=2&colorID=113"
"117","114","Trans-Light Purple","2005 - 2006","20","20","https://www.bricklink.com/catalogList.asp?v=2&colorID=114"
"118","234","Trans-Medium Purple","2003 - 2006","37","36","https://www.bricklink.com/catalogList.asp?v=2&colorID=234"
"119","51","Trans-Purple","2000 - 2025","162","471","https://www.bricklink.com/catalogList.asp?v=2&colorID=51"
"120","50","Trans-Dark Pink","1999 - 2025","268","900","https://www.bricklink.com/catalogList.asp?v=2&colorID=50"
"121","107","Trans-Pink","2003 - 2006","68","45","https://www.bricklink.com/catalogList.asp?v=2&colorID=107"
"122","21","Chrome Gold","1989 - 2025","51","298","https://www.bricklink.com/catalogList.asp?v=2&colorID=21"
"123","22","Chrome Silver","1966 - 2025","104","528","https://www.bricklink.com/catalogList.asp?v=2&colorID=22"
"124","57","Chrome Antique Brass","2001 - 2005","3","17","https://www.bricklink.com/catalogList.asp?v=2&colorID=57"
"125","122","Chrome Black","2009 - 2009","11","1","https://www.bricklink.com/catalogList.asp?v=2&colorID=122"
"126","52","Chrome Blue","1998 - 2006","5","14","https://www.bricklink.com/catalogList.asp?v=2&colorID=52"
"127","64","Chrome Green","1999 - 1999","1","2","https://www.bricklink.com/catalogList.asp?v=2&colorID=64"
"128","82","Chrome Pink","2001 - 2007","1","10","https://www.bricklink.com/catalogList.asp?v=2&colorID=82"
"129","83","Pearl White","2003 - 2006","3","7","https://www.bricklink.com/catalogList.asp?v=2&colorID=83"
"130","119","Pearl Very Light Gray","2002 - 2005","21","17","https://www.bricklink.com/catalogList.asp?v=2&colorID=119"
"131","66","Pearl Light Gray","2000 - 2011","505","766","https://www.bricklink.com/catalogList.asp?v=2&colorID=66"
"132","95","Flat Silver","2008 - 2025","888","3314","https://www.bricklink.com/catalogList.asp?v=2&colorID=95"
"133","239","Bionicle Silver","2002 - 2002","6","2","https://www.bricklink.com/catalogList.asp?v=2&colorID=239"
"134","77","Pearl Dark Gray","2000 - 2025","857","1429","https://www.bricklink.com/catalogList.asp?v=2&colorID=77"
"135","244","Pearl Black","2003 - 2006","6","9","https://www.bricklink.com/catalogList.asp?v=2&colorID=244"
"136","61","Pearl Light Gold","2000 - 2005","13","7","https://www.bricklink.com/catalogList.asp?v=2&colorID=61"
"137","115","Pearl Gold","2004 - 2025","1310","2990","https://www.bricklink.com/catalogList.asp?v=2&colorID=115"
"138","235","Reddish Gold","2003 - 2006","28","30","https://www.bricklink.com/catalogList.asp?v=2&colorID=235"
"139","238","Bionicle Gold","2002 - 2002","6","2","https://www.bricklink.com/catalogList.asp?v=2&colorID=238"
"140","81","Flat Dark Gold","2002 - 2006","50","48","https://www.bricklink.com/catalogList.asp?v=2&colorID=81"
"141","249","Reddish Copper","2017 - 2020","21","20","https://www.bricklink.com/catalogList.asp?v=2&colorID=249"
"142","84","Copper","2004 - 2008","11","23","https://www.bricklink.com/catalogList.asp?v=2&colorID=84"
"143","237","Bionicle Copper","2001 - 2001","2","1","https://www.bricklink.com/catalogList.asp?v=2&colorID=237"
"144","255","Pearl Brown","2003 - 2006","3","7","https://www.bricklink.com/catalogList.asp?v=2&colorID=255"
"145","252","Pearl Red","2003 - 2006","3","7","https://www.bricklink.com/catalogList.asp?v=2&colorID=252"
"146","253","Pearl Green","2003 - 2006","3","7","https://www.bricklink.com/catalogList.asp?v=2&colorID=253"
"147","254","Pearl Blue","2003 - 2009","4","9","https://www.bricklink.com/catalogList.asp?v=2&colorID=254"
"148","78","Pearl Sand Blue","2002 - 2005","44","23","https://www.bricklink.com/catalogList.asp?v=2&colorID=78"
"149","243","Pearl Sand Purple","?","","","https://www.bricklink.com/catalogList.asp?v=2&colorID=243"
"150","228","Satin Trans-Clear","2020 - 2025","23","103","https://www.bricklink.com/catalogList.asp?v=2&colorID=228"
"151","229","Satin Trans-Brown","2020 - 2023","7","12","https://www.bricklink.com/catalogList.asp?v=2&colorID=229"
"152","170","Satin Trans-Yellow","2024 - 2025","3","6","https://www.bricklink.com/catalogList.asp?v=2&colorID=170"
"153","233","Satin Trans-Bright Green","2021 - 2025","11","18","https://www.bricklink.com/catalogList.asp?v=2&colorID=233"
"154","223","Satin Trans-Light Blue","2020 - 2025","54","141","https://www.bricklink.com/catalogList.asp?v=2&colorID=223"
"155","232","Satin Trans-Dark Blue","2021 - 2025","16","37","https://www.bricklink.com/catalogList.asp?v=2&colorID=232"
"156","230","Satin Trans-Purple","2020 - 2025","19","56","https://www.bricklink.com/catalogList.asp?v=2&colorID=230"
"157","224","Satin Trans-Dark Pink","2020 - 2025","17","50","https://www.bricklink.com/catalogList.asp?v=2&colorID=224"
"158","67","Metallic Silver","1957 - 2025","209","798","https://www.bricklink.com/catalogList.asp?v=2&colorID=67"
"159","70","Metallic Green","2001 - 2005","31","10","https://www.bricklink.com/catalogList.asp?v=2&colorID=70"
"160","65","Metallic Gold","1997 - 2025","122","351","https://www.bricklink.com/catalogList.asp?v=2&colorID=65"
"161","250","Metallic Copper","2007 - 2012","6","14","https://www.bricklink.com/catalogList.asp?v=2&colorID=250"
"162","60","Milky White","1963 - 2008","26","146","https://www.bricklink.com/catalogList.asp?v=2&colorID=60"
"163","159","Glow In Dark White","2011 - 2025","85","109","https://www.bricklink.com/catalogList.asp?v=2&colorID=159"
"164","46","Glow In Dark Opaque","1990 - 2011","89","89","https://www.bricklink.com/catalogList.asp?v=2&colorID=46"
"165","118","Glow In Dark Trans","2005 - 2011","17","23","https://www.bricklink.com/catalogList.asp?v=2&colorID=118"
"166","101","Glitter Trans-Clear","1999 - 2023","16","33","https://www.bricklink.com/catalogList.asp?v=2&colorID=101"
"167","222","Glitter Trans-Orange","2020 - 2020","1","1","https://www.bricklink.com/catalogList.asp?v=2&colorID=222"
"168","163","Glitter Trans-Neon Green","2015 - 2018","1","8","https://www.bricklink.com/catalogList.asp?v=2&colorID=163"
"169","162","Glitter Trans-Light Blue","2015 - 2024","17","29","https://www.bricklink.com/catalogList.asp?v=2&colorID=162"
"170","102","Glitter Trans-Purple","2000 - 2024","16","66","https://www.bricklink.com/catalogList.asp?v=2&colorID=102"
"171","100","Glitter Trans-Dark Pink","1999 - 2024","12","40","https://www.bricklink.com/catalogList.asp?v=2&colorID=100"
"172","111","Speckle Black-Silver","2005 - 2013","15","49","https://www.bricklink.com/catalogList.asp?v=2&colorID=111"
"173","151","Speckle Black-Gold","2010 - 2011","2","4","https://www.bricklink.com/catalogList.asp?v=2&colorID=151"
"174","116","Speckle Black-Copper","2006 - 2006","5","3","https://www.bricklink.com/catalogList.asp?v=2&colorID=116"
"175","117","Speckle DBGray-Silver","2006 - 2006","5","7","https://www.bricklink.com/catalogList.asp?v=2&colorID=117"
"176","123","Mx White","?","","","https://www.bricklink.com/catalogList.asp?v=2&colorID=123"
"177","124","Mx Light Bluish Gray","?","","","https://www.bricklink.com/catalogList.asp?v=2&colorID=124"
"178","125","Mx Light Gray","?","","","https://www.bricklink.com/catalogList.asp?v=2&colorID=125"
"179","126","Mx Charcoal Gray","?","","","https://www.bricklink.com/catalogList.asp?v=2&colorID=126"
"180","127","Mx Tile Gray","?","","","https://www.bricklink.com/catalogList.asp?v=2&colorID=127"
"181","128","Mx Black","?","","","https://www.bricklink.com/catalogList.asp?v=2&colorID=128"
"182","131","Mx Tile Brown","?","","","https://www.bricklink.com/catalogList.asp?v=2&colorID=131"
"183","134","Mx Terracotta","?","","","https://www.bricklink.com/catalogList.asp?v=2&colorID=134"
"184","132","Mx Brown","?","","","https://www.bricklink.com/catalogList.asp?v=2&colorID=132"
"185","133","Mx Buff","?","","","https://www.bricklink.com/catalogList.asp?v=2&colorID=133"
"186","129","Mx Red","?","","","https://www.bricklink.com/catalogList.asp?v=2&colorID=129"
"187","130","Mx Pink Red","?","","","https://www.bricklink.com/catalogList.asp?v=2&colorID=130"
"188","135","Mx Orange","?","","","https://www.bricklink.com/catalogList.asp?v=2&colorID=135"
"189","136","Mx Light Orange","?","","","https://www.bricklink.com/catalogList.asp?v=2&colorID=136"
"190","137","Mx Light Yellow","?","","","https://www.bricklink.com/catalogList.asp?v=2&colorID=137"
"191","138","Mx Ochre Yellow","?","","","https://www.bricklink.com/catalogList.asp?v=2&colorID=138"
"192","139","Mx Lemon","?","","","https://www.bricklink.com/catalogList.asp?v=2&colorID=139"
"193","141","Mx Pastel Green","?","","","https://www.bricklink.com/catalogList.asp?v=2&colorID=141"
"194","140","Mx Olive Green","?","","","https://www.bricklink.com/catalogList.asp?v=2&colorID=140"
"195","142","Mx Aqua Green","?","","","https://www.bricklink.com/catalogList.asp?v=2&colorID=142"
"196","146","Mx Teal Blue","?","","","https://www.bricklink.com/catalogList.asp?v=2&colorID=146"
"197","143","Mx Tile Blue","?","","","https://www.bricklink.com/catalogList.asp?v=2&colorID=143"
"198","144","Mx Medium Blue","?","","","https://www.bricklink.com/catalogList.asp?v=2&colorID=144"
"199","145","Mx Pastel Blue","?","","","https://www.bricklink.com/catalogList.asp?v=2&colorID=145"
"200","147","Mx Violet","?","","","https://www.bricklink.com/catalogList.asp?v=2&colorID=147"
"201","148","Mx Pink","?","","","https://www.bricklink.com/catalogList.asp?v=2&colorID=148"
"202","149","Mx Clear","?","","","https://www.bricklink.com/catalogList.asp?v=2&colorID=149"
"203","210","Mx Foil Dark Gray","?","","","https://www.bricklink.com/catalogList.asp?v=2&colorID=210"
"204","211","Mx Foil Light Gray","?","","","https://www.bricklink.com/catalogList.asp?v=2&colorID=211"
"205","212","Mx Foil Dark Green","?","","","https://www.bricklink.com/catalogList.asp?v=2&colorID=212"
"206","213","Mx Foil Light Green","?","","","https://www.bricklink.com/catalogList.asp?v=2&colorID=213"
"207","214","Mx Foil Dark Blue","?","","","https://www.bricklink.com/catalogList.asp?v=2&colorID=214"
"208","215","Mx Foil Light Blue","?","","","https://www.bricklink.com/catalogList.asp?v=2&colorID=215"
"209","216","Mx Foil Violet","?","","","https://www.bricklink.com/catalogList.asp?v=2&colorID=216"
"210","217","Mx Foil Red","?","","","https://www.bricklink.com/catalogList.asp?v=2&colorID=217"
"211","218","Mx Foil Yellow","?","","","https://www.bricklink.com/catalogList.asp?v=2&colorID=218"
"212","219","Mx Foil Orange","?","","","https://www.bricklink.com/catalogList.asp?v=2&colorID=219"
