item_number,description,category
sw0006,Aldar Beedo,Star Wars Episode 1
sw0979,Aldar Beedo (One Piece),Star Wars Episode 1
sw0007,Anakin Skywalker (Brown Aviator Cap),Star Wars Episode 1
sw0008,Anakin Skywalker (Light Gray Aviator Cap),Star Wars Episode 1
sw0159,Anakin Skywalker (Short Legs),Star Wars Episode 1
sw0640,"Anakin Skywalker (Short Legs, Detailed Shirt)",Star Wars Episode 1
sw0349,"Anakin Skywalker (Short Legs, Hair)",Star Wars Episode 1
sw0327,"Anakin Skywalker (Short Legs, Helmet)",Star Wars Episode 1
sw1001,"Anakin Skywalker (Short Legs, Reddish Brown Aviator Cap)",Star Wars Episode 1
sw0306,Aurra Sing - Large Eyes,Star Wars Episode 1
sw0048,Battle Droid Commander,Star Wars Episode 1
sw0095,Battle Droid Pilot with Blue Torso and Straight Arm,Star Wars Episode 1
sw0300,Battle Droid Pilot with Blue Torso with Tan Insignia,Star Wars Episode 1
sw0065,Battle Droid Pilot with Tan Torso with Blue Insignia,Star Wars Episode 1
sw0047,Battle Droid Security,Star Wars Episode 1
sw0347,Battle Droid Security with Straight Arm - Dot Pattern on Torso,Star Wars Episode 1
sw0001a,Battle Droid Tan with Back Plate,Star Wars Episode 1
sw0321,Captain Panaka,Star Wars Episode 1
sw0639,Captain Tarpals,Star Wars Episode 1
sw0003,Darth Maul,Star Wars Episode 1
sw0394,Darth Maul (Silver Neck Clasp Torso),Star Wars Episode 1
sw0686,Darth Maul (Waist Sash with Pocket Torso),Star Wars Episode 1
sw0650,Darth Maul - Printed Legs,Star Wars Episode 1
sw0323,Darth Maul without Hood,Star Wars Episode 1
sw0808,"Darth Maul, without Cape",Star Wars Episode 1
sw0429,DRK-1 Dark Eye Probe Droid (Black with Stand),Star Wars Episode 1
sw0652,DRK-1 Dark Eye Probe Droid (Black),Star Wars Episode 1
sw0967,Droideka - Destroyer Droid (Black Claws),Star Wars Episode 1
sw0164,Droideka - Destroyer Droid (Copper Top),Star Wars Episode 1
sw0348,Droideka - Destroyer Droid (Reddish Brown Top),Star Wars Episode 1
sw0642s,Droideka - Destroyer Droid (Reddish Brown Triangles with Stickers),Star Wars Episode 1
sw0642,Droideka - Destroyer Droid (Reddish Brown Triangles without Stickers),Star Wars Episode 1
sw0043,Gasgano,Star Wars Episode 1
sw0013,Gungan Soldier,Star Wars Episode 1
sw0302,Gungan Soldier (Printed Head),Star Wars Episode 1
sw0628,Gungan Warrior,Star Wars Episode 1
sw0017,Jar Jar Binks,Star Wars Episode 1
sw0301,Jar Jar Binks (Printed Head),Star Wars Episode 1
sw0479,Mace Windu (White Legs),Star Wars Episode 1
sw0641,Naboo Fighter Pilot - Medium Nougat Jacket,Star Wars Episode 1
sw0340,Naboo Fighter Pilot - Red Jumpsuit,Star Wars Episode 1
sw0160,Naboo Fighter Pilot - Tan Jacket,Star Wars Episode 1
sw0594,Naboo Security Guard,Star Wars Episode 1
sw0022,Naboo Security Officer,Star Wars Episode 1
sw0638,Naboo Security Officer - Light Nougat Head,Star Wars Episode 1
sw0409,Obi-Wan Kenobi (Breathing Apparatus),Star Wars Episode 1
sw0024,Obi-Wan Kenobi (Young with Hood and Cape),Star Wars Episode 1
sw0329,"Obi-Wan Kenobi (Young with Hood and Cape, Tan Legs, Smile)",Star Wars Episode 1
sw0069,Obi-Wan Kenobi (Young with Padawan Braid Pattern),Star Wars Episode 1
sw0592,"Obi-Wan Kenobi (Young, Printed Legs)",Star Wars Episode 1
sw0812,"Obi-Wan Kenobi (Young, Printed Legs, without Cape)",Star Wars Episode 1
sw0173,"Obi-Wan Kenobi - Young, Light Nougat, Brown Hood and Cape, Tan Legs",Star Wars Episode 1
sw0324,Padme Naberrie (Amidala),Star Wars Episode 1
sw0025,Padme Naberrie (Amidala) (Yellow),Star Wars Episode 1
sw1023,"Padme Naberrie (Amidala), Medium Legs",Star Wars Episode 1
sw1119,Pit Droid,Star Wars Episode 1
sw0037,Pit Droid (Anakin's),Star Wars Episode 1
sw0039,Pit Droid (Gasgano's),Star Wars Episode 1
sw0064,Pit Droid (Sebulba's),Star Wars Episode 1
sw0591,PK-4 Droid,Star Wars Episode 1
sw0387,Queen Amidala,Star Wars Episode 1
sw0410,Qui-Gon Jinn (Breathing Apparatus),Star Wars Episode 1
sw0651,"Qui-Gon Jinn (Poncho, Printed Legs)",Star Wars Episode 1
sw0593,Qui-Gon Jinn (Printed Legs),Star Wars Episode 1
sw0027,Qui-Gon Jinn (Yellow Head),Star Wars Episode 1
sw0172a,"Qui-Gon Jinn - Light Nougat Head with Black Chin Dimple, Brown Hood and Cape",Star Wars Episode 1
sw0172,"Qui-Gon Jinn - Light Nougat Head, Brown Hood and Cape",Star Wars Episode 1
sw0322,"Qui-Gon Jinn - Light Nougat Head, Reddish Brown Legs and Cape",Star Wars Episode 1
sw0810,"Qui-Gon Jinn, without Cape",Star Wars Episode 1
sw0169,Republic Captain,Star Wars Episode 1
sw0170,Republic Pilot,Star Wars Episode 1
sw0980,Sebulba,Star Wars Episode 1
sw0326,Sebulba - Movable Arms,Star Wars Episode 1
sw0385,"TC-14 Protocol Droid - Chrome Silver with Blue, Red and White Wires Pattern",Star Wars Episode 1
sw0546,TC-4 Protocol Droid,Star Wars Episode 1
sw0328,Wald,Star Wars Episode 1
sw0038,Watto,Star Wars Episode 1
sw0325,Watto (Dark Bluish Gray Hands),Star Wars Episode 1
sw0649,Watto (Tan Hands),Star Wars Episode 1
sw0833,Aayla Secura,Star Wars Episode 2
sw0284,Aayla Secura - Large Eyes,Star Wars Episode 2
sw0099,Anakin Skywalker (Grown Up) with Cape,Star Wars Episode 2
sw0100,Anakin Skywalker (Grown Up) without Cape,Star Wars Episode 2
sw0488,"Anakin Skywalker (Padawan, Combed Hair)",Star Wars Episode 2
sw0456,"Astromech Droid, R4-P17",Star Wars Episode 2
sw0269,Barriss Offee - Black Cape and Hood,Star Wars Episode 2
sw0909,Barriss Offee - Skirt,Star Wars Episode 2
sw0482,Battle Droid Commander (Dark Orange),Star Wars Episode 2
sw0467b,Battle Droid Dark Orange with Back Plate,Star Wars Episode 2
sw0467,Battle Droid Dark Orange without Back Plate,Star Wars Episode 2
sw0061,Battle Droid Geonosian,Star Wars Episode 2
sw0514,"Boba Fett, Young - Light Nougat Head",Star Wars Episode 2
sw0844,"Boba Fett, Young - Light Nougat Head, Crooked Malicious Smile",Star Wars Episode 2
sw0054,"Boba Fett, Young - Yellow Head",Star Wars Episode 2
sw0058,Clone Trooper (Phase 1) - Black Head,Star Wars Episode 2
sw0910,"Clone Trooper (Phase 1) - Printed Legs, Scowl",Star Wars Episode 2
sw0442,Clone Trooper (Phase 1) - Scowl,Star Wars Episode 2
sw0492,Clone Trooper Captain (Phase 1) - Scowl,Star Wars Episode 2
sw1146,"Clone Trooper Commander (Phase 1) - Bright Light Orange Arms, Nougat Head",Star Wars Episode 2
sw0481,"Clone Trooper Commander (Phase 1) - Yellow Arms, Scowl",Star Wars Episode 2
sw0629,"Clone Trooper Lieutenant (Phase 1) - Printed Legs, Scowl",Star Wars Episode 2
sw0502,Clone Trooper Lieutenant (Phase 1) - Scowl,Star Wars Episode 2
sw0609,"Clone Trooper Pilot (Phase 1) - Bright Light Orange Markings, Printed Legs, Scowl",Star Wars Episode 2
sw0491,"Clone Trooper Pilot (Phase 1) - Bright Light Orange Markings, Scowl",Star Wars Episode 2
sw0438,Clone Trooper Sergeant (Phase 1) - Scowl,Star Wars Episode 2
sw1189,"Clone Trooper, Episode 2 - Nougat Head, Printed Legs and Boots",Star Wars Episode 2
sw0480,Coleman Trebor,Star Wars Episode 2
sw0060,Count Dooku,Star Wars Episode 2
sw0472,Count Dooku - White Hair,Star Wars Episode 2
sw0441,Droideka - Destroyer Droid (Pearl Dark Gray Arms Mechanical),Star Wars Episode 2
sw0930,Dwarf Spider Droid (Black Dome),Star Wars Episode 2
sw0965,Dwarf Spider Droid (Dark Bluish Gray Dome),Star Wars Episode 2
sw0473,FA-4 Pilot Droid,Star Wars Episode 2
sw0062,Geonosian - Dark Gray,Star Wars Episode 2
sw0078,Geonosian with Wings,Star Wars Episode 2
sw0845,Jango Fett (Angry),Star Wars Episode 2
sw0053,Jango Fett (Balaclava Head),Star Wars Episode 2
sw0468,Jango Fett (Smile),Star Wars Episode 2
sw0911,Ki-Adi-Mundi (Printed Legs),Star Wars Episode 2
sw0745,Luminara Unduli (Cape),Star Wars Episode 2
sw0116,Luminara Unduli with Light-Up Lightsaber,Star Wars Episode 2
sw1165,"Mace Windu (Dark Tan Legs, Open Mouth)",Star Wars Episode 2
sw0846,Obi-Wan Kenobi (Mid-Length Tousled with Center Part Hair and Headset),Star Wars Episode 2
sw0489,Obi-Wan Kenobi (Mid-Length Tousled with Center Part Hair),Star Wars Episode 2
sw0055,Obi-Wan Kenobi (Young with Dark Orange Hair and Headset),Star Wars Episode 2
sw0055a,"Obi-Wan Kenobi (Young with Dark Orange Hair, without Headset)",Star Wars Episode 2
sw0490,Padme Amidala - Geonosis Arena,Star Wars Episode 2
sw0474,Poggle the Lesser,Star Wars Episode 2
sw0469,Stass Allie,Star Wars Episode 2
sw0092,Super Battle Droid - Pearl Dark Gray,Star Wars Episode 2
sw0056,Super Battle Droid - Pearl Sand Blue,Star Wars Episode 2
sw0471,"Yoda (Olive Green, Neck Bracket)",Star Wars Episode 2
sw0059,Zam Wesell,Star Wars Episode 2
sw0282,2-1B Medical Droid (Badge with Letter 'T' Pattern),Star Wars Episode 3
sw0421,Agen Kolar,Star Wars Episode 3
sw0526,"Anakin Skywalker (Dark Brown Legs, Headset)",Star Wars Episode 3
sw1083,Anakin Skywalker (Dirt Stains),Star Wars Episode 3
sw1095,"Anakin Skywalker (Dirt Stains, Headset)",Star Wars Episode 3
sw0361,Anakin Skywalker (Sith Face),Star Wars Episode 3
sw0419,"Anakin Skywalker (Sith Face, Cape)",Star Wars Episode 3
sw0829,Anakin Skywalker - Transformation Process,Star Wars Episode 3
sw0120,Anakin Skywalker with Black Right Hand,Star Wars Episode 3
sw0139,Anakin Skywalker with Black Right Hand (without Hair),Star Wars Episode 3
sw0121,Anakin Skywalker with Light-up Lightsaber,Star Wars Episode 3
sw0283,"Anakin Skywalker, Battle Damaged with Darth Vader Helmet",Star Wars Episode 3
sw0534,"Astromech Droid, Q7-Series / R4-P22",Star Wars Episode 3
sw0267,"Astromech Droid, R4-P44",Star Wars Episode 3
sw0600,Battle Droid Security with Straight Arm - Solid Pattern on Torso,Star Wars Episode 3
sw0001d,Battle Droid with 2 Straight Arms,Star Wars Episode 3
sw0533,Buzz Droid with Zipline Handle,Star Wars Episode 3
sw0540,Chancellor Palpatine - Episode 3 Dark Bluish Gray Outfit,Star Wars Episode 3
sw0418,Chancellor Palpatine - Episode 3 Dark Red Outfit,Star Wars Episode 3
sw0530,Chief Tarfful,Star Wars Episode 3
sw0523,"Clone Airborne Trooper, 212th Attack Battalion (Phase 2) - Orange Arm, Dirt Stains, Light Bluish Gray Cloth Kama, Scowl",Star Wars Episode 3
sw1100,"Clone Airborne Trooper, 212th Attack Battalion (Phase 2) - White Arms, Dirt Stains, Dark Bluish Gray Cloth Kama, Nougat Head",Star Wars Episode 3
sw0524,"Clone BARC Trooper, 91st Mobile Reconnaissance Corps (Phase 2) - Scowl",Star Wars Episode 3
sw1002,"Clone Scout Trooper, 41st Elite Corps (Phase 2) - Kashyyyk Camouflage, Dark Tan Markings on Legs, Scowl",Star Wars Episode 3
sw0518,"Clone Scout Trooper, 41st Elite Corps (Phase 2) - Kashyyyk Camouflage, Scowl",Star Wars Episode 3
sw0091,"Clone Shock Trooper, Coruscant Guard (Phase 2) - Black Head",Star Wars Episode 3
sw0531,"Clone Shock Trooper, Coruscant Guard (Phase 2) - Large Eyes",Star Wars Episode 3
sw0189,"Clone Shock Trooper, Coruscant Guard (Phase 2) - White Hips, Black Head",Star Wars Episode 3
sw0126,Clone Trooper (Phase 2) - Black Head,Star Wars Episode 3
sw0272,"Clone Trooper (Phase 2) - Dotted Mouth, Black Head",Star Wars Episode 3
sw0541,Clone Trooper (Phase 2) - Scowl,Star Wars Episode 3
sw1003,"Clone Trooper Commander Gree, 41st Elite Corps (Phase 2) - Kashyyyk Camouflage, Dark Tan Markings on Legs, Scowl",Star Wars Episode 3
sw0528,"Clone Trooper Commander Gree, 41st Elite Corps (Phase 2) - Kashyyyk Camouflage, Scowl",Star Wars Episode 3
sw0266,"Clone Trooper Pilot (Phase 2) - Sand Blue Arms and Legs, Frown",Star Wars Episode 3
sw0265,Clone Trooper Pilot Captain Jag (Phase 2) - Frown,Star Wars Episode 3
sw0522,"Clone Trooper, 212th Attack Battalion (Phase 2) - Orange Arms, Dirt Stains, Scowl",Star Wars Episode 3
sw0128a,"Clone Trooper, 327th Star Corps (Phase 2) - Black Head",Star Wars Episode 3
sw0128,"Clone Trooper, 327th Star Corps (Phase 2) - Orange Cloth Pauldron, Black Head",Star Wars Episode 3
sw0138,Darth Vader Episode 3 without Cape,Star Wars Episode 3
sw0966,"Dwarf Spider Droid (Dark Bluish Gray Dome, Mini Blaster / Shooter)",Star Wars Episode 3
sw1030,"Dwarf Spider Droid (Light Bluish Gray Dome, Mini Blaster/Shooter)",Star Wars Episode 3
sw0125,Dwarf Spider Droid (Sand Blue Dome),Star Wars Episode 3
sw0836,FX-Series Medical Assistant Droid,Star Wars Episode 3
sw0134,"General Grievous - Straight Legs, Cape",Star Wars Episode 3
sw0190,IG-100 MagnaGuard (Magna Guard) / Magna Droid,Star Wars Episode 3
sw0163,Kit Fisto,Star Wars Episode 3
sw0422,Kit Fisto with Cape,Star Wars Episode 3
sw0417,Mace Windu (Cape),Star Wars Episode 3
sw0133,Mace Windu with Light-Up Lightsaber (Trans-Light Purple Lightsaber Blade),Star Wars Episode 3
sw0148,"Mace Windu, Non-Light-Up",Star Wars Episode 3
sw0144,Medical Droid,Star Wars Episode 3
sw0835,Medical Droid (Black Legs),Star Wars Episode 3
sw0536,Neimoidian Warrior,Star Wars Episode 3
sw0363,Nute Gunray - Orange Robe,Star Wars Episode 3
sw0135,Obi-Wan Kenobi (Dark Orange Legs),Star Wars Episode 3
sw0362,Obi-Wan Kenobi (Dark Tan Legs),Star Wars Episode 3
sw0535,Obi-Wan Kenobi (Dark Tan Printed Legs),Star Wars Episode 3
sw1082,Obi-Wan Kenobi (Dirt Stains),Star Wars Episode 3
sw0704,Obi-Wan Kenobi (Headset),Star Wars Episode 3
sw0152,"Obi-Wan Kenobi - Light Nougat, Dark Orange Hair and Legs, Gold Headset",Star Wars Episode 3
sw0162,"Obi-Wan Kenobi - Light Nougat, Dark Orange Hair, Tan Legs, Gold Headset",Star Wars Episode 3
sw0234,"Obi-Wan Kenobi - Young, Light Nougat, Reddish Brown Hood and Cape, Gold Headset",Star Wars Episode 3
sw0137,Obi-Wan Kenobi with Light-Up Lightsaber,Star Wars Episode 3
sw0838,Prowler 1000 Exploration Droid,Star Wars Episode 3
sw0420,Saesee Tiin with Cape,Star Wars Episode 3
sw0131,"Scout Trooper Episode 3, 'Kashyyyk Trooper'",Star Wars Episode 3
sw0132,Wookiee Warrior,Star Wars Episode 3
sw1028,"Wookiee Warrior, Printed Legs",Star Wars Episode 3
sw0936,2-1B Medical Droid (Dotted Badge and Peeling Paint Pattern),Star Wars Episode 4/5/6
sw0956,"2-1B Medical Droid (Dotted Badge Pattern, Dark Bluish Gray Legs)",Star Wars Episode 4/5/6
sw0345,"2-1B Medical Droid (Dotted Badge Pattern, Light Bluish Gray Legs)",Star Wars Episode 4/5/6
sw0830,4-LOM,Star Wars Episode 4/5/6
sw0633,Admiral (Colonel) Wullf Yularen,Star Wars Episode 4/5/6
sw0247,Admiral Ackbar,Star Wars Episode 4/5/6
sw0352,Admiral Firmus Piett,Star Wars Episode 4/5/6
sw0145,ASP Droid,Star Wars Episode 4/5/6
sw0683,Assassin Droid (Dark Bluish Gray),Star Wars Episode 4/5/6
sw0215,Assassin Droid (White),Star Wars Episode 4/5/6
sw0555,"Astromech Droid, R2-A5",Star Wars Episode 4/5/6
sw0933,"Astromech Droid, R2-BHD",Star Wars Episode 4/5/6
sw0908,"Astromech Droid, R2-D2, Dirt Stains on Front",Star Wars Episode 4/5/6
sw1200,"Astromech Droid, R2-D2, Dirt Stains on Front and Back",Star Wars Episode 4/5/6
sw0512,"Astromech Droid, R2-D2, Flat Silver Head",Star Wars Episode 4/5/6
sw1202,"Astromech Droid, R2-D2, Flat Silver Head, Dark Pink Dots, Large Receptor, Back Printing",Star Wars Episode 4/5/6
sw0028a,"Astromech Droid, R2-D2, Serving Tray Dark Bluish Gray",Star Wars Episode 4/5/6
sw0217a,"Astromech Droid, R2-D2, Serving Tray Dark Tan",Star Wars Episode 4/5/6
sw0155,"Astromech Droid, R2-D5",Star Wars Episode 4/5/6
sw0943,"Astromech Droid, R2-Q2 (Large Red Dots)",Star Wars Episode 4/5/6
sw0303,"Astromech Droid, R2-Q2 (Small Red Dots)",Star Wars Episode 4/5/6
sw0213,"Astromech Droid, R2-Q5",Star Wars Episode 4/5/6
sw0724,"Astromech Droid, R3-A2",Star Wars Episode 4/5/6
sw0773,"Astromech Droid, R3-M3",Star Wars Episode 4/5/6
sw0895,"Astromech Droid, R3-T2",Star Wars Episode 4/5/6
sw0937,"Astromech Droid, R5-A2",Star Wars Episode 4/5/6
sw0029a,"Astromech Droid, R5-D4, Long Red Stripes on Dome",Star Wars Episode 4/5/6
sw0142,"Astromech Droid, R5-D4, Plain Dome",Star Wars Episode 4/5/6
sw0373,"Astromech Droid, R5-D8 / R5-D4",Star Wars Episode 4/5/6
sw0370,"Astromech Droid, R5-F7",Star Wars Episode 4/5/6
sw0375,"Astromech Droid, R5-J2",Star Wars Episode 4/5/6
sw1104,"AT-AT Driver - Dark Red Imperial Logo, Cheek Lines, Frown",Star Wars Episode 4/5/6
sw1105,"AT-AT Driver - Dark Red Imperial Logo, Cheek Lines, Smile",Star Wars Episode 4/5/6
sw1176,"AT-AT Driver - Dark Red Imperial Logo, Female",Star Wars Episode 4/5/6
sw0581,"AT-AT Driver - Dark Red Imperial Logo, Grimacing",Star Wars Episode 4/5/6
sw0177,"AT-AT Driver - Red Imperial Logo, Bluish Grays, Black Head, Stormtrooper Helmet",Star Wars Episode 4/5/6
sw0262,"AT-AT Driver - Red Imperial Logo, Bluish Grays, Black Head, Stormtrooper Type 2 Helmet",Star Wars Episode 4/5/6
sw0102,"AT-AT Driver - Red Imperial Logo, Yellow Head",Star Wars Episode 4/5/6
sw1208,Aunt Beru Whitesun Lars,Star Wars Episode 4/5/6
sw0074,B'Omarr Monk (Trans-Neon Orange Plate),Star Wars Episode 4/5/6
sw0412,B'Omarr Monk (Trans-Orange Plate),Star Wars Episode 4/5/6
sw0150,Bespin Guard,Star Wars Episode 4/5/6
sw0611,"Bespin Guard - Light Nougat Head, Detailed Gold Trim",Star Wars Episode 4/5/6
sw0762,"Bespin Guard - Light Nougat Head, Detailed Gold Trim, Furrowed Eyebrows",Star Wars Episode 4/5/6
sw0975,"Bespin Guard - Light Nougat Head, Detailed Gold Trim, Moustache",Star Wars Episode 4/5/6
sw0404,"Bib Fortuna - Cape, Light Nougat Skin",Star Wars Episode 4/5/6
sw0076,"Bib Fortuna - Cape, Tan Skin",Star Wars Episode 4/5/6
sw0009,Biggs Darklighter,Star Wars Episode 4/5/6
sw0944,Biggs Darklighter (Dual Molded Helmet),Star Wars Episode 4/5/6
sw1038,Biggs Darklighter (Hair),Star Wars Episode 4/5/6
sw0554,Bith Musician,Star Wars Episode 4/5/6
sw0107,Boba Fett (Cloud City - Printed Arms & Legs),Star Wars Episode 4/5/6
sw0431,Boba Fett - Balaclava Head,Star Wars Episode 4/5/6
sw0002a,Boba Fett - Bluish Grays,Star Wars Episode 4/5/6
sw0002b,Boba Fett - Bluish Grays - Dark Red Helmet Highlights,Star Wars Episode 4/5/6
sw0002,Boba Fett - Classic Grays,Star Wars Episode 4/5/6
sw0822,Boba Fett - Clone Head,Star Wars Episode 4/5/6
sw0396,Boba Fett - Head Beard Stubble,Star Wars Episode 4/5/6
sw0711,Boba Fett - Pauldron Cloth with Dark Orange Stripe Pattern,Star Wars Episode 4/5/6
sw0279,"Boba Fett - Pauldron, Helmet, Jet Pack",Star Wars Episode 4/5/6
sw0610,"Boba Fett - Pauldron, Helmet, Jet Pack, Printed Arms and Legs",Star Wars Episode 4/5/6
sw0977,"Boba Fett - Pauldron, Helmet, Jet Pack, Printed Arms and Legs, Clone Head",Star Wars Episode 4/5/6
sw0828,Bossk - Olive Green,Star Wars Episode 4/5/6
sw0280,Bossk - Sand Green,Star Wars Episode 4/5/6
sw0407,Boushh,Star Wars Episode 4/5/6
sw0158,C-3PO - Chrome Gold (SW 30th Anniversary Edition),Star Wars Episode 4/5/6
sw0365,C-3PO - Colorful Wires Pattern,Star Wars Episode 4/5/6
sw0700,"C-3PO - Colorful Wires, Printed Legs",Star Wars Episode 4/5/6
sw1209,"C-3PO - Molded Light Bluish Gray Right Foot, Printed Arms",Star Wars Episode 4/5/6
sw0161a,C-3PO - Pearl Gold with Pearl Gold Hands,Star Wars Episode 4/5/6
sw0161,C-3PO - Pearl Gold with Pearl Light Gold Hands,Star Wars Episode 4/5/6
sw0010,C-3PO - Pearl Light Gold,Star Wars Episode 4/5/6
sw0561,C-3PO - Printed Legs (Robot Limiter/Restraining Bolt),Star Wars Episode 4/5/6
sw1201,"C-3PO - Printed Legs, Toes and Arms",Star Wars Episode 4/5/6
sw0256,Captain Antilles,Star Wars Episode 4/5/6
sw1035,Captain Antilles (Dark Tan Shirt),Star Wars Episode 4/5/6
sw0011,Chewbacca (Brown),Star Wars Episode 4/5/6
sw1184,Chewbacca - Snow,Star Wars Episode 4/5/6
sw0236,Chief Chirpa (Ewok),Star Wars Episode 4/5/6
sw0969,Cloud Car Pilot,Star Wars Episode 4/5/6
sw0250,"Crix Madine, Dark Tan Hips and Legs",Star Wars Episode 4/5/6
sw0250a,"Crix Madine, Tan Hips and Legs",Star Wars Episode 4/5/6
sw1025,Dak Ralter (Jumpsuit Pockets and Three Bullets on Right Leg),Star Wars Episode 4/5/6
sw0012a,Dak Ralter (with Dark Bluish Gray Hips),Star Wars Episode 4/5/6
sw0567,Dak Ralter (with Pockets on Legs),Star Wars Episode 4/5/6
sw0012b,"Dak Ralter - Dark Bluish Gray Hips, Light Nougat Head",Star Wars Episode 4/5/6
sw0012,Dak Ralter with Dark Gray Hips,Star Wars Episode 4/5/6
sw1029,Darth Vader (20th Anniversary Torso),Star Wars Episode 4/5/6
sw0386,Darth Vader (Black Head),Star Wars Episode 4/5/6
sw0232,Darth Vader (Death Star torso - no Eyebrows),Star Wars Episode 4/5/6
sw0209,Darth Vader (Death Star torso),Star Wars Episode 4/5/6
sw0214,Darth Vader (Imperial Inspection - Eyebrows),Star Wars Episode 4/5/6
sw0123,Darth Vader (Imperial Inspection),Star Wars Episode 4/5/6
sw0004a,Darth Vader (Light Bluish Gray Head),Star Wars Episode 4/5/6
sw0004,Darth Vader (Light Gray Head),Star Wars Episode 4/5/6
sw1106,"Darth Vader (Printed Arms, Spongy Cape)",Star Wars Episode 4/5/6
sw1112,"Darth Vader (Printed Arms, Traditional Starched Fabric Cape)",Star Wars Episode 4/5/6
sw0586,Darth Vader (Tan Head),Star Wars Episode 4/5/6
sw1141,Darth Vader (Traditional Starched Fabric Cape),Star Wars Episode 4/5/6
sw0636,Darth Vader (Type 2 Helmet),Star Wars Episode 4/5/6
sw0277,Darth Vader (White Pupils),Star Wars Episode 4/5/6
sw0218,Darth Vader - Chrome Black,Star Wars Episode 4/5/6
sw0117,Darth Vader with Light-Up Lightsaber,Star Wars Episode 4/5/6
sw0768,Death Star Droid,Star Wars Episode 4/5/6
sw0374,Death Star Trooper,Star Wars Episode 4/5/6
sw0769,Death Star Trooper (Imperial Navy Trooper),Star Wars Episode 4/5/6
sw0149,Dengar,Star Wars Episode 4/5/6
sw0350,Dengar (Light Bluish Gray Torso),Star Wars Episode 4/5/6
sw0751,Dengar (White Torso),Star Wars Episode 4/5/6
sw1125,Dr. Cornelius Evazan,Star Wars Episode 4/5/6
sw0634,Emperor Palpatine,Star Wars Episode 4/5/6
sw1107,Emperor Palpatine (Hood Basic),Star Wars Episode 4/5/6
sw0124,"Emperor Palpatine - Light Bluish Gray Head, Light Bluish Gray Hands",Star Wars Episode 4/5/6
sw0595,"Emperor Palpatine - Tan Head, Tan Hands",Star Wars Episode 4/5/6
sw0066,"Emperor Palpatine - Yellow Head, Black Hands",Star Wars Episode 4/5/6
sw0041,"Emperor Palpatine - Yellow Head, Yellow Hands",Star Wars Episode 4/5/6
sw0240,Endor Rebel Commando - Beard,Star Wars Episode 4/5/6
sw0511,Endor Rebel Commando - Beard and Angry Dual Sided Head,Star Wars Episode 4/5/6
sw0367,Endor Rebel Commando - Dark Tan Vest,Star Wars Episode 4/5/6
sw0239,Endor Rebel Commando - Frown,Star Wars Episode 4/5/6
sw0368,Endor Rebel Commando - Stubble,Star Wars Episode 4/5/6
sw0507,Endor Rebel Trooper (Sand Green),Star Wars Episode 4/5/6
sw0645,Endor Rebel Trooper 1 (Olive Green),Star Wars Episode 4/5/6
sw0646,Endor Rebel Trooper 2 (Olive Green) (Commander Rex),Star Wars Episode 4/5/6
sw0072,EV-9D9,Star Wars Episode 4/5/6
sw0508,Ewok Warrior,Star Wars Episode 4/5/6
sw0050,"Ewok, Brown Hood (Wicket)",Star Wars Episode 4/5/6
sw0067,"Ewok, Tan Hood (Paploo)",Star Wars Episode 4/5/6
sw0959,FX-7 Medical Assistant Droid,Star Wars Episode 4/5/6
sw0075,Gamorrean Guard (Dark Gray Arms),Star Wars Episode 4/5/6
sw0405,"Gamorrean Guard (Olive Green, Detailed)",Star Wars Episode 4/5/6
sw0087,Gamorrean Guard (Reddish Brown Arms),Star Wars Episode 4/5/6
sw1127,Garindan,Star Wars Episode 4/5/6
sw0557,General Airen Cracken,Star Wars Episode 4/5/6
sw1140,General Jan Dodonna,Star Wars Episode 4/5/6
sw0579,General Maximillian Veers,Star Wars Episode 4/5/6
sw1154,General Maximillian Veers - Cap,Star Wars Episode 4/5/6
sw1175,General Maximillian Veers - Dual Molded Legs,Star Wars Episode 4/5/6
sw0178,General Maximillian Veers - Goggles Print and Dark Bluish Gray Helmet,Star Wars Episode 4/5/6
sw1101,General Maximillian Veers - Helmet with Goggles Print,Star Wars Episode 4/5/6
sw0289,General Maximillian Veers - Light Bluish Gray Helmet and Armor,Star Wars Episode 4/5/6
sw0460,General Rieekan,Star Wars Episode 4/5/6
sw0562,"Gonk Droid (GNK Power Droid), Dark Bluish Gray",Star Wars Episode 4/5/6
sw0073a,"Gonk Droid (GNK Power Droid), Dark Bluish Gray Body and Light Bluish Gray Legs",Star Wars Episode 4/5/6
sw1041,"Gonk Droid (GNK Power Droid), Dark Turquoise",Star Wars Episode 4/5/6
sw0073,"Gonk Droid (GNK Power Droid), Light and Dark Gray",Star Wars Episode 4/5/6
sw0430,"Gonk Droid (GNK Power Droid), Light Bluish Gray Body and Dark Bluish Gray Legs",Star Wars Episode 4/5/6
sw0767,"Gonk Droid (GNK Power Droid), Reddish Brown",Star Wars Episode 4/5/6
sw0157,Grand Moff Wilhuff Tarkin - Smooth Hair,Star Wars Episode 4/5/6
sw0770,Grand Moff Wilhuff Tarkin - Swept Back Hair,Star Wars Episode 4/5/6
sw0558,Gray Squadron Pilot,Star Wars Episode 4/5/6
sw0110,Greedo,Star Wars Episode 4/5/6
sw0898,Greedo (with Belt on Torso),Star Wars Episode 4/5/6
sw0553,Greedo (with Belt),Star Wars Episode 4/5/6
sw0356,Han Solo (Celebration),Star Wars Episode 4/5/6
sw0644,Han Solo (Endor Outfit),Star Wars Episode 4/5/6
sw0727,Han Solo (Hoth),Star Wars Episode 4/5/6
sw0466,"Han Solo (Hoth, Snow Goggles and Tan Bandana)",Star Wars Episode 4/5/6
sw0976,Han Solo - Dual Molded Legs,Star Wars Episode 4/5/6
sw0179,"Han Solo - Light Nougat, Black Vest",Star Wars Episode 4/5/6
sw0179a,"Han Solo - Light Nougat, Black Vest (2010)",Star Wars Episode 4/5/6
sw0253,"Han Solo - Light Nougat, Parka Hood, Tan Legs with Holster",Star Wars Episode 4/5/6
sw0253a,"Han Solo - Light Nougat, Parka Hood, Tan Legs with Holster (2010)",Star Wars Episode 4/5/6
sw0088,"Han Solo - Light Nougat, Reddish Brown Legs with Holster",Star Wars Episode 4/5/6
sw0088a,"Han Solo - Light Nougat, Reddish Brown Legs with Holster (2010)",Star Wars Episode 4/5/6
sw0205a,"Han Solo - Light Nougat, Stormtrooper Outfit (2010)",Star Wars Episode 4/5/6
sw0084,"Han Solo - Light Nougat, White Shirt, Reddish Brown Legs",Star Wars Episode 4/5/6
sw0081,"Han Solo - Light Nougat,Reddish Brown Hair, Tan Legs",Star Wars Episode 4/5/6
sw0709,"Han Solo - Parka, Dark Brown Coat (Hoth)",Star Wars Episode 4/5/6
sw0205,Han Solo - Stormtrooper Outfit,Star Wars Episode 4/5/6
sw0772,"Han Solo - Stormtrooper Outfit, Printed Legs",Star Wars Episode 4/5/6
sw1204,"Han Solo - Stormtrooper Outfit, Printed Legs, Shoulder Belts",Star Wars Episode 4/5/6
sw0978,Han Solo in Carbonite (Block with Handles),Star Wars Episode 4/5/6
sw0984,Han Solo in Carbonite (Brick 1 x 2 x 5),Star Wars Episode 4/5/6
sw0601,"Han Solo, Black Vest, Dark Blue Legs",Star Wars Episode 4/5/6
sw0334,"Han Solo, Black Vest, Dark Blue Legs, Eyes with Pupils",Star Wars Episode 4/5/6
sw1032,"Han Solo, Blue Legs (20th Anniversary Torso)",Star Wars Episode 4/5/6
sw0014,"Han Solo, Blue Legs (Falcon)",Star Wars Episode 4/5/6
sw0045,"Han Solo, Brown Legs with Holster Pattern",Star Wars Episode 4/5/6
sw0015,"Han Solo, Brown Legs without Holster Pattern (Skiff)",Star Wars Episode 4/5/6
sw0111,"Han Solo, Dark Blue Legs",Star Wars Episode 4/5/6
sw0539,"Han Solo, Dark Blue Legs, Vest with Pockets",Star Wars Episode 4/5/6
sw0771,"Han Solo, Dark Blue Legs, Vest with Pockets, Wavy Hair",Star Wars Episode 4/5/6
sw0714,"Han Solo, Dark Brown Legs",Star Wars Episode 4/5/6
sw0879,"Han Solo, Dark Brown Legs with Holster Pattern, Dark Blue Jacket, Wavy Hair",Star Wars Episode 4/5/6
sw1021,"Han Solo, Dark Brown Legs with Holster Pattern, Dark Blue Jacket, Wavy Hair, Smile / Frown",Star Wars Episode 4/5/6
sw0823,"Han Solo, Dark Brown Legs, Wavy Hair",Star Wars Episode 4/5/6
sw0290,"Han Solo, Reddish Brown Legs with Holster Pattern, Open Jacket",Star Wars Episode 4/5/6
sw0451,"Han Solo, Reddish Brown Legs with Holster Pattern, Vest with Pockets",Star Wars Episode 4/5/6
sw0278,"Han Solo, Reddish Brown Legs without Holster Pattern",Star Wars Episode 4/5/6
sw0403,"Han Solo, Reddish Brown Legs without Holster Pattern, Dual Sided Head",Star Wars Episode 4/5/6
sw0612,"Han Solo, Reddish Brown Legs without Holster Pattern, Dual Sided Head, Cheek Lines",Star Wars Episode 4/5/6
sw0343,"Han Solo, Tan Legs with Holster Pattern, Parka Hood with Tan Fur",Star Wars Episode 4/5/6
sw0258,Hoth Officer,Star Wars Episode 4/5/6
sw0016,"Hoth Rebel (Yellow Head, Brown Visor)",Star Wars Episode 4/5/6
sw0108,"Hoth Rebel (Yellow Head, White Visor Goggles)",Star Wars Episode 4/5/6
sw0167,"Hoth Rebel - Light Nougat Head, White Visor Goggles",Star Wars Episode 4/5/6
sw0252,"Hoth Rebel - Light Nougat Head, White Visor Snow Goggles",Star Wars Episode 4/5/6
sw0291,Hoth Rebel Trooper (Black Chin Dimple),Star Wars Episode 4/5/6
sw0259,Hoth Rebel Trooper (Orange Chin Dimple),Star Wars Episode 4/5/6
sw0736,Hoth Rebel Trooper Dark Tan Uniform (Brown Beard),Star Wars Episode 4/5/6
sw0735,Hoth Rebel Trooper Dark Tan Uniform (Frown),Star Wars Episode 4/5/6
sw1187,"Hoth Rebel Trooper Dark Tan Uniform and Helmet, White Legs",Star Wars Episode 4/5/6
sw1185,"Hoth Rebel Trooper Dark Tan Uniform and Helmet, White Legs, Female",Star Wars Episode 4/5/6
sw0425,Hoth Rebel Trooper Tan Uniform (Moustache),Star Wars Episode 4/5/6
sw0462,Hoth Rebel Trooper Tan Uniform (Stubble),Star Wars Episode 4/5/6
sw0678,Hoth Rebel Trooper White Uniform (Cheek Lines),Star Wars Episode 4/5/6
sw0708,Hoth Rebel Trooper White Uniform (Frown),Star Wars Episode 4/5/6
sw0760,Hoth Rebel Trooper White Uniform (Moustache),Star Wars Episode 4/5/6
sw0734,"Hoth Rebel Trooper White Uniform (Tan Beard, Backpack)",Star Wars Episode 4/5/6
sw0765,"Hoth Rebel Trooper White Uniform (Tan Beard, without Backpack)",Star Wars Episode 4/5/6
sw1188,"Hoth Rebel Trooper White Uniform, Dark Tan Helmet, Female",Star Wars Episode 4/5/6
sw1186,"Hoth Rebel Trooper White Uniform, Dark Tan Helmet, Reddish Brown Head",Star Wars Episode 4/5/6
sw1008,"Hoth Rebel Trooper White Uniform, Dark Tan Legs (Brown Angular Beard)",Star Wars Episode 4/5/6
sw1015,"Hoth Rebel Trooper White Uniform, Dark Tan Legs (Frown)",Star Wars Episode 4/5/6
sw1016,"Hoth Rebel Trooper White Uniform, Dark Tan Legs (Open Mouth Smile)",Star Wars Episode 4/5/6
sw1014,"Hoth Rebel Trooper White Uniform, Dark Tan Legs (White Beard)",Star Wars Episode 4/5/6
sw1026,"Hoth Rebel Trooper White Uniform, Dark Tan Legs, Backpack (Cheek Lines)",Star Wars Episode 4/5/6
sw1130,Hrchek Kal Fas,Star Wars Episode 4/5/6
sw0151,IG-88,Star Wars Episode 4/5/6
sw0831,IG-88,Star Wars Episode 4/5/6
sw0351,IG-88 (Printed Head),Star Wars Episode 4/5/6
sw0831a,IG-88 with Round 1 x 1 Plate,Star Wars Episode 4/5/6
sw0968,IG-88 without Round 1 x 1 Plate,Star Wars Episode 4/5/6
sw0093,Imperial AT-ST Pilot / Driver (Plain Helmet),Star Wars Episode 4/5/6
sw0401,"Imperial AT-ST Pilot / Driver (Plain Helmet, Dual Sided Head)",Star Wars Episode 4/5/6
sw0693,Imperial Crew - Black Cap,Star Wars Episode 4/5/6
sw0584,Imperial Crew - Dark Bluish Gray Cap,Star Wars Episode 4/5/6
sw0545,"Imperial Crew, Black Jumpsuit, Cavalry Kepi",Star Wars Episode 4/5/6
sw1044,Imperial Crewmember - Printed Arms,Star Wars Episode 4/5/6
sw0529,"Imperial Gunner (Closed Mouth, Silver Imperial Logo)",Star Wars Episode 4/5/6
sw1045,"Imperial Gunner (Closed Mouth, White Imperial Logo)",Star Wars Episode 4/5/6
sw0520,"Imperial Gunner (Open Mouth, Silver Imperial Logo)",Star Wars Episode 4/5/6
sw0774,"Imperial Navy Officer (Lieutenant / Security, Stormtrooper Captain)",Star Wars Episode 4/5/6
sw0583,Imperial Navy Trooper (Black Jumpsuit),Star Wars Episode 4/5/6
sw1142,Imperial Officer,Star Wars Episode 4/5/6
sw0582,Imperial Officer (Captain / Commandant / Commander),Star Wars Episode 4/5/6
sw0114,"Imperial Officer (Captain / Commandant / Commander) - Cavalry Kepi, Smile and Brown Eyebrows",Star Wars Episode 4/5/6
sw0293,"Imperial Officer (Captain / Commandant / Commander) - Cavalry Kepi, Smirk",Star Wars Episode 4/5/6
sw0154,"Imperial Officer (Captain / Commandant / Commander) - Cavalry Kepi, Standard Grin",Star Wars Episode 4/5/6
sw0046,"Imperial Officer (Captain / Commandant / Commander) - Police Cap, Yellow Head with Standard Grin",Star Wars Episode 4/5/6
sw0376,"Imperial Officer (Captain / Commandant / Commander) - Two Code Cylinders, Cavalry Kepi",Star Wars Episode 4/5/6
sw1043,Imperial Officer (Junior Lieutenant / Lieutenant) - Dual Molded Legs,Star Wars Episode 4/5/6
sw0877,Imperial Officer (Major / Colonel / Commodore),Star Wars Episode 4/5/6
sw0775,Imperial Officer - Light Bluish Gray Uniform,Star Wars Episode 4/5/6
sw0426,Imperial Officer with Battle Armor (Captain / Commandant / Commander) - Chin Strap,Star Wars Episode 4/5/6
sw0261,"Imperial Officer with Battle Armor (Captain / Commandant / Commander) - Dark Bluish Gray Legs, Smirk",Star Wars Episode 4/5/6
sw0294,Imperial Pilot (Cap),Star Wars Episode 4/5/6
sw1190,Imperial Probe Droid,Star Wars Episode 4/5/6
sw0459,"Imperial Probe Droid (Trans-Clear Dish Stand, Lever on Top)",Star Wars Episode 4/5/6
sw0171,"Imperial Probe Droid (White Dish Stand, Lever on Top)",Star Wars Episode 4/5/6
sw0682,Imperial Probe Droid - Mini,Star Wars Episode 4/5/6
sw1017,"Imperial Probe Droid, Black Sensors, Single Bar Frame Octagonal",Star Wars Episode 4/5/6
sw0847,"Imperial Probe Droid, Black Sensors, with Stand",Star Wars Episode 4/5/6
sw0847a,"Imperial Probe Droid, Black Sensors, without Stand",Star Wars Episode 4/5/6
sw0712a,"Imperial Probe Droid, Dark Bluish Gray Sensors (Dark Bluish Gray Round Plate Inside)",Star Wars Episode 4/5/6
sw0712,"Imperial Probe Droid, Dark Bluish Gray Sensors (Reddish Brown Round Plate Inside)",Star Wars Episode 4/5/6
sw1116,"Imperial Scout Trooper (Dual Molded Helmet) - Male, Light Nougat Head, Cheek Lines",Star Wars Episode 4/5/6
sw1007,"Imperial Scout Trooper (Dual Molded Helmet) - Male, Light Nougat Head, Scowl",Star Wars Episode 4/5/6
sw0042,Imperial Shuttle Pilot (Yellow Head),Star Wars Episode 4/5/6
sw0802,Imperial Shuttle Pilot - Light Nougat,Star Wars Episode 4/5/6
sw0997a,"Imperial Stormtrooper (Dual Molded Helmet, Black Squares on Back) - Male, Light Nougat Head, Scowl",Star Wars Episode 4/5/6
sw1168,"Imperial Stormtrooper (Dual Molded Helmet, Gray Squares on Back) - Female, Light Nougat Head, Angry Smile",Star Wars Episode 4/5/6
sw1137,"Imperial Stormtrooper (Dual Molded Helmet, Gray Squares on Back) - Male, Light Nougat Head, Frown",Star Wars Episode 4/5/6
sw0997b,"Imperial Stormtrooper (Dual Molded Helmet, Gray Squares on Back) - Male, Light Nougat Head, Scowl",Star Wars Episode 4/5/6
sw1167,"Imperial Stormtrooper (Dual Molded Helmet, Gray Squares on Back) - Male, Reddish Brown Head, Grimace",Star Wars Episode 4/5/6
sw0036b,"Imperial Stormtrooper - Black Head, Solid Mouth Helmet",Star Wars Episode 4/5/6
sw0188a,"Imperial Stormtrooper - Light Nougat Head, Dotted Mouth Helmet",Star Wars Episode 4/5/6
sw0036a,"Imperial Stormtrooper - Light Nougat Head, Solid Mouth Helmet",Star Wars Episode 4/5/6
sw0122,Imperial Stormtrooper - Printed Legs and Hips,Star Wars Episode 4/5/6
sw0036,Imperial Stormtrooper - Yellow Head,Star Wars Episode 4/5/6
sw0457,Imperial TIE Fighter / Bomber Pilot,Star Wars Episode 4/5/6
sw0268,Imperial TIE Fighter / Defender Pilot,Star Wars Episode 4/5/6
sw0035b,Imperial TIE Fighter / Interceptor Pilot,Star Wars Episode 4/5/6
sw0788,Imperial TIE Fighter / Striker Pilot,Star Wars Episode 4/5/6
sw0268a,"Imperial TIE Fighter Pilot - Black Head, Balaclava",Star Wars Episode 4/5/6
sw0035,Imperial TIE Fighter Pilot - Brown Head,Star Wars Episode 4/5/6
sw1138,"Imperial TIE Fighter Pilot - Light Nougat Head, Frown",Star Wars Episode 4/5/6
sw0543,"Imperial TIE Fighter Pilot - Light Nougat Head, Scowl, Silver Insignia on Helmet",Star Wars Episode 4/5/6
sw0926,"Imperial TIE Fighter Pilot - Light Nougat Head, Scowl, White Insignia on Helmet",Star Wars Episode 4/5/6
sw0632,Imperial TIE Fighter Pilot - Printed Arms,Star Wars Episode 4/5/6
sw0035a,Imperial TIE Fighter Pilot - Reddish Brown Head,Star Wars Episode 4/5/6
sw0208,Imperial Trooper (Black Helmet),Star Wars Episode 4/5/6
sw0208a,Imperial Trooper (Light Bluish Gray Helmet),Star Wars Episode 4/5/6
sw0211,Interrogation Droid (Screwdriver - Narrow Head),Star Wars Episode 4/5/6
sw0211a,Interrogation Droid (Screwdriver - Wide Head),Star Wars Episode 4/5/6
sw0776,Interrogation Droid (Syringe),Star Wars Episode 4/5/6
sw0071,Jabba the Hutt,Star Wars Episode 4/5/6
sw0402,Jabba The Hutt - Tan Face,Star Wars Episode 4/5/6
sw0560,Jawa - Straps,Star Wars Episode 4/5/6
sw0896,Jawa - Straps with Black Stains,Star Wars Episode 4/5/6
sw0897,Jawa - Tattered Shirt,Star Wars Episode 4/5/6
sw0141,Jawa with Cape,Star Wars Episode 4/5/6
sw0590,Jawa with Gold Badge,Star Wars Episode 4/5/6
sw0372,Jek Porkins,Star Wars Episode 4/5/6
sw0165,K-3PO,Star Wars Episode 4/5/6
sw0725,K-3PO (Printed Legs),Star Wars Episode 4/5/6
sw1129,Kabe,Star Wars Episode 4/5/6
sw0397,Kithaba,Star Wars Episode 4/5/6
sw1126,Labria (Kardue'sai'Malloc),Star Wars Episode 4/5/6
sw0818,Lando Calrissian - General Insignia (Light Bluish Gray Legs),Star Wars Episode 4/5/6
sw0251,Lando Calrissian - General Insignia (Sand Blue Legs),Star Wars Episode 4/5/6
sw0086,"Lando Calrissian - Skiff Guard, Reddish Brown Hips",Star Wars Episode 4/5/6
sw0398,"Lando Calrissian - Skiff Guard, Tan Hips",Star Wars Episode 4/5/6
sw1027,"Lando Calrissian, Cloud City Outfit (20th Anniversary Torso)",Star Wars Episode 4/5/6
sw0973,"Lando Calrissian, Cloud City Outfit (Coiled Texture Hair)",Star Wars Episode 4/5/6
sw0105,"Lando Calrissian, Cloud City Outfit (Smooth Hair)",Star Wars Episode 4/5/6
sw0681,LIN Demolitionmech Droid,Star Wars Episode 4/5/6
sw0049,Lobot (Yellow Head),Star Wars Episode 4/5/6
sw0400,"Lobot - Light Nougat, Black Eyebrows",Star Wars Episode 4/5/6
sw0974,"Lobot - Light Nougat, Dark Orange Eyebrows",Star Wars Episode 4/5/6
sw0338,Logray (Ewok),Star Wars Episode 4/5/6
sw0106a,Luke Skywalker,Star Wars Episode 4/5/6
sw0342,Luke Skywalker (Bacta Tank Outfit),Star Wars Episode 4/5/6
sw0957,"Luke Skywalker (Bacta Tank Outfit, Dark Tan Hair)",Star Wars Episode 4/5/6
sw0257,Luke Skywalker (Celebration),Star Wars Episode 4/5/6
sw0257a,Luke Skywalker (Celebration) - White Pupils,Star Wars Episode 4/5/6
sw0971,"Luke Skywalker (Cloud City, Dark Tan Shirt)",Star Wars Episode 4/5/6
sw0103,"Luke Skywalker (Cloud City, Tan Shirt)",Star Wars Episode 4/5/6
sw0106,"Luke Skywalker (Dagobah, Sand Green Tank Top, Backpack)",Star Wars Episode 4/5/6
sw1199,"Luke Skywalker (Dagobah, Tan Tank Top)",Star Wars Episode 4/5/6
sw0907,"Luke Skywalker (Dagobah, Tan Tank Top, Backpack)",Star Wars Episode 4/5/6
sw0395,Luke Skywalker (Dark Bluish Gray Jedi Robe),Star Wars Episode 4/5/6
sw0433,"Luke Skywalker (Dark Bluish Gray Jedi Robe, Dual Sided Head)",Star Wars Episode 4/5/6
sw0018,Luke Skywalker (Endor),Star Wars Episode 4/5/6
sw0098,Luke Skywalker (Hoth),Star Wars Episode 4/5/6
sw1143,"Luke Skywalker (Hoth, Balaclava Head)",Star Wars Episode 4/5/6
sw0731,"Luke Skywalker (Hoth, Face with Scars)",Star Wars Episode 4/5/6
sw0079,Luke Skywalker (Jabba's Palace),Star Wars Episode 4/5/6
sw0207,Luke Skywalker (Jedi Knight),Star Wars Episode 4/5/6
sw0292,"Luke Skywalker (Jedi Knight, Pupils)",Star Wars Episode 4/5/6
sw0635,Luke Skywalker (Jedi Master),Star Wars Episode 4/5/6
sw0509,"Luke Skywalker (Jedi Master, Endor, Dark Tan Hair, Smile / Open Mouth)",Star Wars Episode 4/5/6
sw0880,"Luke Skywalker (Jedi Master, Endor, Dark Tan Hair, Stern / Smile)",Star Wars Episode 4/5/6
sw0880a,"Luke Skywalker (Jedi Master, Endor, Tan Hair, Stern / Smile)",Star Wars Episode 4/5/6
sw0019a,Luke Skywalker (Pilot with Dark Bluish Gray Hips),Star Wars Episode 4/5/6
sw1024,"Luke Skywalker (Pilot, 20th Anniversary Torso)",Star Wars Episode 4/5/6
sw0952,"Luke Skywalker (Pilot, Dual Molded Helmet)",Star Wars Episode 4/5/6
sw0461,"Luke Skywalker (Pilot, Printed Legs)",Star Wars Episode 4/5/6
sw0569,"Luke Skywalker (Pilot, Printed Legs, Cheek Lines)",Star Wars Episode 4/5/6
sw0991,"Luke Skywalker (Pilot, Printed Legs, Visor Up / Down)",Star Wars Episode 4/5/6
sw1139,"Luke Skywalker (Pilot, Printed Legs, Visor Up / Down, Askew Front Panel)",Star Wars Episode 4/5/6
sw1086,Luke Skywalker (Poncho),Star Wars Episode 4/5/6
sw0020,Luke Skywalker (Skiff),Star Wars Episode 4/5/6
sw0021,Luke Skywalker (Tatooine),Star Wars Episode 4/5/6
sw0566,Luke Skywalker (Tatooine) - 2014 version,Star Wars Episode 4/5/6
sw0335,"Luke Skywalker (Tatooine, Gray Visor on Reverse of Head)",Star Wars Episode 4/5/6
sw0432,"Luke Skywalker (Tatooine, Smiling)",Star Wars Episode 4/5/6
sw1198,"Luke Skywalker (Tatooine, White Legs, Blue Milk on Mouth)",Star Wars Episode 4/5/6
sw0551,"Luke Skywalker (Tatooine, White Legs, Detailed Face Print)",Star Wars Episode 4/5/6
sw0778,"Luke Skywalker (Tatooine, White Legs, Stern / Smile Face Print)",Star Wars Episode 4/5/6
sw0083,"Luke Skywalker -  Light Nougat, Black Tunic",Star Wars Episode 4/5/6
sw0176,"Luke Skywalker - Light Nougat, Long Hair, White Tunic, Tan Legs",Star Wars Episode 4/5/6
sw0273,"Luke Skywalker - Light Nougat, Long Hair, White Tunic, Tan Legs, White Glints",Star Wars Episode 4/5/6
sw0295,"Luke Skywalker - Light Nougat, X-Wing Pilot Suit, Detailed Torso and Helmet",Star Wars Episode 4/5/6
sw0090a,"Luke Skywalker - Light Nougat, X-Wing Pilot Suit, Detailed Torso and Helmet (2010)",Star Wars Episode 4/5/6
sw0090,"Luke Skywalker - Light Nougat, X-Wing Pilot Suit, Simple Torso and Helmet",Star Wars Episode 4/5/6
sw0204,Luke Skywalker - Stormtrooper Outfit,Star Wars Episode 4/5/6
sw0777,"Luke Skywalker - Stormtrooper Outfit, Printed Legs",Star Wars Episode 4/5/6
sw1203,"Luke Skywalker - Stormtrooper Outfit, Printed Legs, Shoulder Belts",Star Wars Episode 4/5/6
sw0044,"Luke Skywalker with Black Hood, Black Cape",Star Wars Episode 4/5/6
sw0068,Luke Skywalker with Black Right Hand (Final Duel II),Star Wars Episode 4/5/6
sw0019,Luke Skywalker with Dark Gray Hips (Pilot),Star Wars Episode 4/5/6
sw0999,Luke Skywalker with Utility Belt and Grappling Hook,Star Wars Episode 4/5/6
sw0434,Malakili,Star Wars Episode 4/5/6
sw0486,Max Rebo,Star Wars Episode 4/5/6
sw0587,Mini Treadwell Droid,Star Wars Episode 4/5/6
sw1128,Momaw Nadon,Star Wars Episode 4/5/6
sw0248,Mon Calamari Officer,Star Wars Episode 4/5/6
sw0249,Mon Mothma,Star Wars Episode 4/5/6
sw0156,Mouse Droid (MSE-6-series Repair Droid) - Black / Dark Bluish Gray,Star Wars Episode 4/5/6
sw1004,"Mouse Droid (MSE-6-series Repair Droid) - Black / Dark Bluish Gray, Open Stud Wheels",Star Wars Episode 4/5/6
sw0156a,Mouse Droid (MSE-6-series Repair Droid) - Black / Light Bluish Gray,Star Wars Episode 4/5/6
sw1042,Mouse Droid (MSE-6-series Repair Droid) - Sloped Sides,Star Wars Episode 4/5/6
sw0983,Mouse Droid (MSE-6-series Repair Droid) - Tile with Clip,Star Wars Episode 4/5/6
sw1136,NI-L8 Protocol Droid,Star Wars Episode 4/5/6
sw0552,Obi-Wan Kenobi (Dark Brown Hooded Coat),Star Wars Episode 4/5/6
sw1069,Obi-Wan Kenobi (Old with Light Bluish Gray Hair - 20th Anniversary Torso),Star Wars Episode 4/5/6
sw0023a,Obi-Wan Kenobi (Old with Light Bluish Gray Hair),Star Wars Episode 4/5/6
sw0388,Obi-Wan Kenobi (Old) - Short Cape (Watch 9002939),Star Wars Episode 4/5/6
sw0637,Obi-Wan Kenobi (Old) - Standard Cape,Star Wars Episode 4/5/6
sw1084,"Obi-Wan Kenobi (Old, Detailed Robe and Head)",Star Wars Episode 4/5/6
sw1046,"Obi-Wan Kenobi (Old, Standard Cape, Hood Basic)",Star Wars Episode 4/5/6
sw0637a,"Obi-Wan Kenobi (Old, Standard Cape, with Pupils)",Star Wars Episode 4/5/6
sw0174,"Obi-Wan Kenobi - Old, Light Nougat",Star Wars Episode 4/5/6
sw0206,"Obi-Wan Kenobi - Old, Light Nougat, Reddish Brown Hood and Cape",Star Wars Episode 4/5/6
sw0336,"Obi-Wan Kenobi - Old, Light Nougat, Reddish Brown Hood and Cape, White Pupils",Star Wars Episode 4/5/6
sw0274,"Obi-Wan Kenobi - Old, Light Nougat, White Pupils",Star Wars Episode 4/5/6
sw0023,Obi-Wan Kenobi with Light Gray Hair (Old),Star Wars Episode 4/5/6
sw0406,Oola,Star Wars Episode 4/5/6
sw0140,Owen Lars,Star Wars Episode 4/5/6
sw0559,Owen Lars (Printed Legs),Star Wars Episode 4/5/6
sw0238,Paploo (Ewok),Star Wars Episode 4/5/6
sw1124,Ponda Baba,Star Wars Episode 4/5/6
sw0026,Princess Leia,Star Wars Episode 4/5/6
sw1022,Princess Leia (20th Anniversary Torso),Star Wars Episode 4/5/6
sw0643,Princess Leia (Camouflage Cape),Star Wars Episode 4/5/6
sw0371,Princess Leia (Celebration Outfit),Star Wars Episode 4/5/6
sw0104,Princess Leia (Cloud City),Star Wars Episode 4/5/6
sw0235,Princess Leia (Endor Outfit),Star Wars Episode 4/5/6
sw0504,"Princess Leia (Endor, Loose Hair)",Star Wars Episode 4/5/6
sw0878,Princess Leia (Hoth Outfit White),Star Wars Episode 4/5/6
sw0958,"Princess Leia (Hoth Outfit White, Crooked Smile)",Star Wars Episode 4/5/6
sw0113,"Princess Leia (Hoth Outfit, Bun Hair)",Star Wars Episode 4/5/6
sw0346,"Princess Leia (Hoth Outfit, French Braid Hair)",Star Wars Episode 4/5/6
sw0113a,"Princess Leia (Hoth Outfit, Smooth Bun Hair)",Star Wars Episode 4/5/6
sw0070,Princess Leia (Jabba Slave with Neck Bracket),Star Wars Episode 4/5/6
sw0337,"Princess Leia (White Dress, Big Eyelashes)",Star Wars Episode 4/5/6
sw0779,"Princess Leia (White Dress, Detailed Belt)",Star Wars Episode 4/5/6
sw0994,"Princess Leia (White Dress, Detailed Belt, Crooked Smile)",Star Wars Episode 4/5/6
sw1036,"Princess Leia (White Dress, Detailed Belt, Skirt Part)",Star Wars Episode 4/5/6
sw0972,Princess Leia - Bespin Outfit,Star Wars Episode 4/5/6
sw0085a,"Princess Leia - Light Nougat, Jabba Slave Outfit",Star Wars Episode 4/5/6
sw0085,"Princess Leia - Light Nougat, Jabba Slave Outfit, Neck Bracket",Star Wars Episode 4/5/6
sw0175b,"Princess Leia - Light Nougat, White Dress, Big Eyes",Star Wars Episode 4/5/6
sw0175,"Princess Leia - Light Nougat, White Dress, Small Eyes",Star Wars Episode 4/5/6
sw0175a,"Princess Leia - Light Nougat, White Dress, Small Eyes, Smooth Hair",Star Wars Episode 4/5/6
sw0485,Princess Leia - Slave Outfit,Star Wars Episode 4/5/6
sw0212,Protocol Droid,Star Wars Episode 4/5/6
sw0344,R-3PO Protocol Droid,Star Wars Episode 4/5/6
sw0147,R1-G4,Star Wars Episode 4/5/6
sw0589,R1-Series Droid,Star Wars Episode 4/5/6
sw0938,RA-7 Protocol Droid (Pearl Dark Gray),Star Wars Episode 4/5/6
sw0030,Rebel Engineer,Star Wars Episode 4/5/6
sw0995,Rebel Fleet Trooper - Detailed Vest,Star Wars Episode 4/5/6
sw0427,Rebel Fleet Trooper - Grin,Star Wars Episode 4/5/6
sw0820,Rebel Ground Crew,Star Wars Episode 4/5/6
sw0728,Rebel Officer,Star Wars Episode 4/5/6
sw0437,"Rebel Pilot A-wing (Open Helmet, Dark Green Jumpsuit, Frown / Scared) (Arvel Crynyd)",Star Wars Episode 4/5/6
sw1092,"Rebel Pilot A-wing (Open Helmet, Dark Green Jumpsuit, Smile / Scared) (Arvel Crynyd)",Star Wars Episode 4/5/6
sw0819,"Rebel Pilot A-wing (Open Helmet, Green Jumpsuit)",Star Wars Episode 4/5/6
sw0031a,"Rebel Pilot A-wing - Light Nougat Head, Trans-Black Visor, Green Jumpsuit",Star Wars Episode 4/5/6
sw0031b,"Rebel Pilot A-wing - Light Nougat Head, Trans-Yellow Visor, Green Jumpsuit",Star Wars Episode 4/5/6
sw0031,"Rebel Pilot A-wing - Yellow Head, Trans-Yellow Visor, Green Jumpsuit",Star Wars Episode 4/5/6
sw0455,Rebel Pilot B-wing (Reddish Brown Helmet),Star Wars Episode 4/5/6
sw0032,"Rebel Pilot B-wing (Yellow Head, Light Gray Helmet, Trans-Yellow Visor)",Star Wars Episode 4/5/6
sw0032a,"Rebel Pilot B-wing - Light Nougat Head, Light Bluish Gray Helmet, Trans-Black Visor, Red Flight Suit",Star Wars Episode 4/5/6
sw0399,Rebel Pilot X-wing,Star Wars Episode 4/5/6
sw0544,Rebel Pilot X-wing (Theron Nett),Star Wars Episode 4/5/6
sw0094,"Rebel Pilot Y-wing (Jon ""Dutch"" Vander, Gold Leader) - Light Nougat Head",Star Wars Episode 4/5/6
sw0369,"Rebel Pilot Y-wing (Jon ""Dutch"" Vander, Gold Leader) - Light Nougat Head with Visor and Chin Strap",Star Wars Episode 4/5/6
sw0932,"Rebel Pilot Y-wing (Jon ""Dutch"" Vander, Gold Leader) - Printed Legs",Star Wars Episode 4/5/6
sw0033a,"Rebel Pilot Y-wing (Jon ""Dutch"" Vander, Gold Leader) - Yellow Head, Dark Bluish Gray Hips",Star Wars Episode 4/5/6
sw0033,"Rebel Pilot Y-wing (Jon ""Dutch"" Vander, Gold Leader) - Yellow Head, Dark Gray Hips",Star Wars Episode 4/5/6
sw0034,Rebel Technician,Star Wars Episode 4/5/6
sw0082,"Rebel Technician, Light Bluish Gray Uniform",Star Wars Episode 4/5/6
sw0483,Ree-Yees,Star Wars Episode 4/5/6
sw0040b,Royal Guard with Black Hands,Star Wars Episode 4/5/6
sw0521,Royal Guard with Dark Red Arms and Hands,Star Wars Episode 4/5/6
sw0040,Royal Guard with Red Hands,Star Wars Episode 4/5/6
sw0408,Salacious B. Crumb,Star Wars Episode 4/5/6
sw0960,"Sandtrooper (Enlisted) - Black Pauldron, Ammo Pouch, Dirt Stains, Survival Backpack",Star Wars Episode 4/5/6
sw1131,"Sandtrooper (Enlisted) - Black Pauldron, Ammo Pouch, Dirt Stains, Survival Backpack, Frown (Dual Molded Helmet)",Star Wars Episode 4/5/6
sw0894,"Sandtrooper (Sergeant) - White Pauldron, Ammo Pouch, Dirt Stains, Survival Backpack",Star Wars Episode 4/5/6
sw0271,"Sandtrooper - Black Pauldron (Solid), Survival Backpack, No Dirt Stains, Helmet with Dotted Mouth Pattern and Solid Black Head",Star Wars Episode 4/5/6
sw0548a,"Sandtrooper - Black Pauldron, Ammo Pouch, Dirt Stains, Survival Backpack",Star Wars Episode 4/5/6
sw0199,"Sandtrooper - Orange Pauldron (Solid), No Survival Backpack, No Dirt Stains, Helmet with Dotted Mouth Pattern and Solid Black Head",Star Wars Episode 4/5/6
sw0109a,"Sandtrooper - Orange Pauldron (Solid), No Survival Backpack, No Dirt Stains, Helmet with Solid Mouth Pattern and Solid Black Head",Star Wars Episode 4/5/6
sw0109,"Sandtrooper - Orange Pauldron (Solid), Survival Backpack, No Dirt Stains, Helmet with Solid Mouth Pattern and Solid Yellow Head",Star Wars Episode 4/5/6
sw0364,"Sandtrooper - Orange Pauldron, Survival Backpack, Dirt Stains, Balaclava Head Print and Helmet with Dotted Mouth Pattern",Star Wars Episode 4/5/6
sw0383,"Sandtrooper - White Pauldron, Survival Backpack, Dirt Stains, Balaclava Head Print and Helmet with Dotted Mouth Pattern",Star Wars Episode 4/5/6
sw0961,"Sandtrooper Squad Leader (Captain) - Orange Pauldron, Ammo Pouch, Dirt Stains, Survival Backpack",Star Wars Episode 4/5/6
sw0992,"Sandtrooper Squad Leader/Captain - Orange Pauldron, Ammo Pouch, Dirt Stains, Survival Backpack (Dual Molded Helmet)",Star Wars Episode 4/5/6
sw1132,"Sandtrooper Squad Leader/Captain - Orange Pauldron, Ammo Pouch, Dirt Stains, Survival Backpack, Frown (Dual Molded Helmet)",Star Wars Episode 4/5/6
sw0005,Scout Trooper,Star Wars Episode 4/5/6
sw0005a,"Scout Trooper (Black Head, Dark Bluish Gray Torso Pattern)",Star Wars Episode 4/5/6
sw0505,Scout Trooper (Black Legs),Star Wars Episode 4/5/6
sw0005b,"Scout Trooper (Patterned Head, Dark Bluish Gray Torso Pattern)",Star Wars Episode 4/5/6
sw0270,Sentry Droid,Star Wars Episode 4/5/6
sw0766,Silver Protocol Droid (U-3PO),Star Wars Episode 4/5/6
sw0827,Snowspeeder Gunner Will Scotian,Star Wars Episode 4/5/6
sw0607,Snowspeeder Pilot - Light Bluish Gray Helmet,Star Wars Episode 4/5/6
sw0458,Snowspeeder Pilot - White Helmet,Star Wars Episode 4/5/6
sw0597,"Snowspeeder Pilot - White Helmet, Headset",Star Wars Episode 4/5/6
sw0826,Snowspeeder Pilot Zev Senesca - Pearl Dark Gray Helmet,Star Wars Episode 4/5/6
sw0580,Snowtrooper Commander,Star Wars Episode 4/5/6
sw1177,"Snowtrooper Commander, Printed Legs, Dark Tan Hands",Star Wars Episode 4/5/6
sw0080,"Snowtrooper, Light Bluish Gray Hips, Black Hands (Falcon blue box)",Star Wars Episode 4/5/6
sw0764,"Snowtrooper, Light Bluish Gray Hips, Light Bluish Gray Hands - Backpack attached to Neck Bracket with Plate, Modified w/ Clip Ring",Star Wars Episode 4/5/6
sw0764b,"Snowtrooper, Light Bluish Gray Hips, Light Bluish Gray Hands - Backpack Directly Attached to Neck Bracket",Star Wars Episode 4/5/6
sw0463,"Snowtrooper, Light Bluish Gray Hips, Light Bluish Gray Hands, Printed Head, Torso Back Printing",Star Wars Episode 4/5/6
sw0568,"Snowtrooper, Light Bluish Gray Hips, Light Bluish Gray Hands, White Kama",Star Wars Episode 4/5/6
sw0115,"Snowtrooper, Light Bluish Gray Hips, White Hands (Hoth Stormtrooper)",Star Wars Episode 4/5/6
sw0428,"Snowtrooper, Light Bluish Gray Hips, White Hands, Printed Head",Star Wars Episode 4/5/6
sw0101,"Snowtrooper, Light Gray Hips, White Hands",Star Wars Episode 4/5/6
sw1009,"Snowtrooper, Printed Legs, Dark Tan Hands",Star Wars Episode 4/5/6
sw1178,"Snowtrooper, Printed Legs, Dark Tan Hands - Female, Light Nougat Head",Star Wars Episode 4/5/6
sw1180,"Snowtrooper, Printed Legs, Dark Tan Hands - Female, Reddish Brown Head",Star Wars Episode 4/5/6
sw1103,"Snowtrooper, Printed Legs, Dark Tan Hands, Cheek Lines, Frown",Star Wars Episode 4/5/6
sw1181,"Snowtrooper, Printed Legs, Dark Tan Hands, Cheek Lines, Lopsided Grin",Star Wars Episode 4/5/6
sw1102,"Snowtrooper, Printed Legs, Dark Tan Hands, Frown",Star Wars Episode 4/5/6
sw1179,"Snowtrooper, Printed Legs, Dark Tan Hands, Scowl",Star Wars Episode 4/5/6
sw0112,Star Wars,Star Wars Episode 4/5/6
sw0548,Stormtrooper,Star Wars Episode 4/5/6
sw0366,"Stormtrooper (Detailed Armor, Patterned Head, Dotted Mouth Pattern)",Star Wars Episode 4/5/6
sw0997,Stormtrooper (Dual Molded Helmet),Star Wars Episode 4/5/6
sw1073,T-16 Skyhopper Pilot - Detailed Belts,Star Wars Episode 4/5/6
sw0619,T-16 Skyhopper Pilot - Light Bluish Gray Helmet,Star Wars Episode 4/5/6
sw0077,T-16 Skyhopper Pilot - Red Helmet,Star Wars Episode 4/5/6
sw0510,Teebo (Ewok),Star Wars Episode 4/5/6
sw0153,Ten Numb,Star Wars Episode 4/5/6
sw0556,Ten Numb (Red Jumpsuit),Star Wars Episode 4/5/6
sw0339,Tokkat (Ewok),Star Wars Episode 4/5/6
sw0726,Toryn Farr,Star Wars Episode 4/5/6
sw0146,Treadwell Droid,Star Wars Episode 4/5/6
sw0550,Treadwell Droid (Dark Bluish Gray Binoculars),Star Wars Episode 4/5/6
sw0052,Tusken Raider,Star Wars Episode 4/5/6
sw0620,"Tusken Raider - Head Spikes, Crossed Belts",Star Wars Episode 4/5/6
sw1074,"Tusken Raider - Head Spikes, Diagonal Belt",Star Wars Episode 4/5/6
sw0970,Ugnaught,Star Wars Episode 4/5/6
sw0710,Ugnaught (Dark Blue Overalls),Star Wars Episode 4/5/6
sw0089,Wedge Antilles,Star Wars Episode 4/5/6
sw0730,Wedge Antilles - Printed Legs,Star Wars Episode 4/5/6
sw1081,"Wedge Antilles - Printed Legs, Three Bullets",Star Wars Episode 4/5/6
sw0487,Weequay Skiff Guard,Star Wars Episode 4/5/6
sw0821,Weequay Skiff Guard - Printed Legs,Star Wars Episode 4/5/6
sw0729,Wes Janson,Star Wars Episode 4/5/6
sw0237,Wicket (Ewok),Star Wars Episode 4/5/6
sw0513,Wicket (Ewok) with Tan Face Paint Pattern,Star Wars Episode 4/5/6
sw0893,Wuher,Star Wars Episode 4/5/6
sw0906,"Yoda (Olive Green, Belt Pattern)",Star Wars Episode 4/5/6
sw0260,Zev Senesca,Star Wars Episode 4/5/6
sw0354,Zev Senesca - Plain Helmet,Star Wars Episode 4/5/6
sw1020,Zuckuss,Star Wars Episode 4/5/6
sw0719,Admiral Ackbar (Medium Nougat Robe),Star Wars Episode 7
sw0840,Bala-Tik,Star Wars Episode 7
sw0653,C-3PO - Dark Red Arm,Star Wars Episode 7
sw0684,Captain Phasma (Rounded Mouth Pattern),Star Wars Episode 7
sw0676,Finn,Star Wars Episode 7
sw0716,Finn (FN-2187),Star Wars Episode 7
sw0654,First Order Crew Member (Fleet Engineer / Gunner) - Reddish Brown Head,Star Wars Episode 7
sw0694,First Order Crew Member - Cap with Insignia,Star Wars Episode 7
sw0666,First Order Flametrooper,Star Wars Episode 7
sw0715,First Order General (Admiral),Star Wars Episode 7
sw0695,First Order Heavy Assault Stormtrooper (Rounded Mouth Pattern),Star Wars Episode 7
sw0842,First Order Heavy Assault Stormtrooper (Rounded Mouth Pattern) - Backpack,Star Wars Episode 7
sw0722,"First Order Heavy Assault Stormtrooper (Rounded Mouth Pattern) - Backpack, Ammo Pouch Print",Star Wars Episode 7
sw0665,First Order Officer (Lieutenant / Captain) - Female,Star Wars Episode 7
sw0670,First Order Officer (Lieutenant / Captain) - Male,Star Wars Episode 7
sw0832,First Order Officer (Major / Colonel),Star Wars Episode 7
sw0701,First Order Snowtrooper,Star Wars Episode 7
sw0656,First Order Snowtrooper Officer,Star Wars Episode 7
sw0875,First Order Snowtrooper without Backpack,Star Wars Episode 7
sw0664,First Order Stormtrooper Officer (Rounded Mouth Pattern),Star Wars Episode 7
sw0672,"First Order TIE Fighter Pilot, Two White Lines on Helmet",Star Wars Episode 7
sw0662,General Hux - Cap,Star Wars Episode 7
sw0718,General Leia,Star Wars Episode 7
sw0839,Guavian Security Soldier,Star Wars Episode 7
sw0841,"Han Solo, Old",Star Wars Episode 7
sw0675,"Han Solo, Old (Lopsided Grin)",Star Wars Episode 7
sw0673,Kanjiklub Gang Member,Star Wars Episode 7
sw0717,Kylo Ren (Hair),Star Wars Episode 7
sw0663,Kylo Ren (Helmet),Star Wars Episode 7
sw1006,"Kylo Ren (Tattered Robe, Scar)",Star Wars Episode 7
sw0738,Lor San Tekka,Star Wars Episode 7
sw0703,Maz Kanata,Star Wars Episode 7
sw0737,"Poe Dameron (Medium Nougat Jacket, Hair)",Star Wars Episode 7
sw1145,"Poe Dameron (Medium Nougat Jacket, Helmet)",Star Wars Episode 7
sw0931,"Poe Dameron (Pilot Jumpsuit, Hair Swept Left Tousled)",Star Wars Episode 7
sw0658,"Poe Dameron (Pilot Jumpsuit, Helmet)",Star Wars Episode 7
sw0660,Resistance Ground Crew,Star Wars Episode 7
sw0876,Resistance Officer (Major Brance),Star Wars Episode 7
sw0699,Resistance Officer - Headset,Star Wars Episode 7
sw0659,Resistance Pilot X-wing,Star Wars Episode 7
sw0705,Resistance Pilot X-wing (Temmin 'Snap' Wexley),Star Wars Episode 7
sw0668,"Resistance Soldier, Female",Star Wars Episode 7
sw0669,"Resistance Soldier, Male",Star Wars Episode 7
sw0720,"Resistance Trooper - Dark Tan Jacket, Frown, Cheek Lines",Star Wars Episode 7
sw0697,"Resistance Trooper - Dark Tan Jacket, Frown, Furrowed Eyebrows",Star Wars Episode 7
sw0721,Resistance Trooper - Resistance Logo,Star Wars Episode 7
sw0698,"Resistance Trooper - Tan Jacket, Frown, Cheek Lines",Star Wars Episode 7
sw0696,"Resistance Trooper - Tan Jacket, Moustache",Star Wars Episode 7
sw0677,Rey - Dark Tan Tied Robe,Star Wars Episode 7
sw0674,Tasu Leech,Star Wars Episode 7
sw0740,Teedo,Star Wars Episode 7
sw0739,Unkar Plutt,Star Wars Episode 7
sw0723,Unkar's Brute,Star Wars Episode 7
sw0655,Unkar's Thug,Star Wars Episode 7
sw0891,Admiral Ematt,Star Wars Episode 8
sw0855,BB-9E,Star Wars Episode 8
sw0904,Captain Phasma (Pointed Mouth Pattern),Star Wars Episode 8
sw0868,Captain Poe Dameron,Star Wars Episode 8
sw0890,Captain Poe Dameron (Headset),Star Wars Episode 8
sw0903,DJ Code Breaker,Star Wars Episode 8
sw0989,Elite Praetorian Guard (Flat Helmet),Star Wars Episode 8
sw0990,Elite Praetorian Guard (Pointed Helmet) - Legs,Star Wars Episode 8
sw0947,Elite Praetorian Guard (Pointed Helmet) - Skirt,Star Wars Episode 8
sw0900,Finn - First Order Officer Disguise,Star Wars Episode 8
sw0858,Finn - Worn Jacket,Star Wars Episode 8
sw1033,Finn in Bacta Suit,Star Wars Episode 8
sw0873,First Order Medical Droid,Star Wars Episode 8
sw0870,First Order Officer (Lieutenant / Captain),Star Wars Episode 8
sw0871,First Order Shuttle Pilot,Star Wars Episode 8
sw0886,First Order Stormtrooper Executioner,Star Wars Episode 8
sw0962,First Order Stormtrooper Squad Leader (Pointed Mouth Pattern),Star Wars Episode 8
sw0872,First Order Stormtrooper Squad Leader (Rounded Mouth Pattern),Star Wars Episode 8
sw0902,"First Order TIE Pilot, Three White Lines on Helmet",Star Wars Episode 8
sw0860,"First Order TIE Pilot, Two Red Stripes on Helmet",Star Wars Episode 8
sw0869,First Order Walker Driver,Star Wars Episode 8
sw0854,General Hux - Hair,Star Wars Episode 8
sw0859,Kylo Ren (Cape),Star Wars Episode 8
sw0885,Kylo Ren without Cape,Star Wars Episode 8
sw0887,"Luke Skywalker, Old",Star Wars Episode 8
sw1039,"Luke Skywalker, Old (Dark Brown Robe)",Star Wars Episode 8
sw0865,Poe Dameron (Jumpsuit),Star Wars Episode 8
sw0998,Praetorian Training Droid,Star Wars Episode 8
sw0862,Resistance Bombardier (Nix Jerd),Star Wars Episode 8
sw0861,Resistance Bomber Pilot,Star Wars Episode 8
sw1005,Resistance Bomber Pilot - Finch Dallow,Star Wars Episode 8
sw0864,Resistance Gunner Paige,Star Wars Episode 8
sw0884,Resistance Pilot A-wing (Tallissan 'Tallie' Lintra),Star Wars Episode 8
sw0883,Resistance Speeder Pilot (Nodin Chavdri),Star Wars Episode 8
sw0853,"Resistance Trooper (Female) - Dark Tan Hoodie Jacket, Ammo Pouch, Helmet without Chin Guard",Star Wars Episode 8
sw0892,"Resistance Trooper - Dark Tan Hoodie Jacket, Ammo Pouch, Stubble, Helmet with Chin Guard",Star Wars Episode 8
sw0867,"Resistance Trooper - Dark Tan Hoodie Jacket, Harness, Beard, Helmet with Chin Guard",Star Wars Episode 8
sw0888,Rey - Dark Tan Jacket,Star Wars Episode 8
sw0866,Rey - Light Bluish Gray Tied Robe,Star Wars Episode 8
sw0857,Rose Tico,Star Wars Episode 8
sw0901,Rose Tico - First Order Officer Disguise,Star Wars Episode 8
sw0856,Supreme Leader Snoke,Star Wars Episode 8
sw0863,Vice Admiral Holdo,Star Wars Episode 8
sw1052,"Astromech Droid, Dark Turquoise",Star Wars Episode 9
sw1068,Boolio,Star Wars Episode 9
sw1051,D-O,Star Wars Episode 9
sw1066,Finn - Medium Nougat Jacket and Dark Blue Legs with Holster,Star Wars Episode 9
sw1055,First Order Jet Trooper,Star Wars Episode 9
sw1053,First Order Snowtrooper with Cape,Star Wars Episode 9
sw1056,First Order Treadspeeder Driver,Star Wars Episode 9
sw1062,General Pryde,Star Wars Episode 9
sw1088,Jannah,Star Wars Episode 9
sw1063,Knight of Ren (Ap'lek),Star Wars Episode 9
sw1099,Knight of Ren (Cardo),Star Wars Episode 9
sw1098,Knight of Ren (Kuruk),Star Wars Episode 9
sw1087,Knight of Ren (Trudgen),Star Wars Episode 9
sw1064,Knight of Ren (Ushar),Star Wars Episode 9
sw1089,Knight of Ren (Vicrul),Star Wars Episode 9
sw1067,"Lando Calrissian, Old (Cape with Collar)",Star Wars Episode 9
sw1048,Lieutenant Connix,Star Wars Episode 9
sw1049,Poe Dameron (White Shirt),Star Wars Episode 9
sw1054,Rey - White Tied Robe,Star Wars Episode 9
sw1076,Sith Fleet Officer,Star Wars Episode 9
sw1075,Sith Jet Trooper,Star Wars Episode 9
sw1065,Sith Trooper - Episode 9,Star Wars Episode 9
sw1072,Supreme Leader Kylo Ren,Star Wars Episode 9
sw1061,Supreme Leader Kylo Ren (Cape),Star Wars Episode 9
sw1047,Temmin 'Snap' Wexley - Medium Nougat Lines Under Eyes and Chin,Star Wars Episode 9
sw1050,Zorii Bliss,Star Wars Episode 9
